[DEBUG] 2026-04-26 23:01:58.356 [main] LoggerProviders - Logging Provider: org.jboss.logging.Log4j2LoggerProvider
[DEBUG] 2026-04-26 23:01:58.850 [main] HibernatePersistenceProvider - Located and parsed 1 persistence units; checking each
[DEBUG] 2026-04-26 23:01:58.852 [main] HibernatePersistenceProvider - Checking persistence-unit [name=Catering, explicit-provider=org.hibernate.jpa.HibernatePersistenceProvider] against incoming persistence unit name [Catering]
[DEBUG] 2026-04-26 23:01:58.854 [main] ProviderChecker - Persistence-unit [Catering] requested PersistenceProvider [org.hibernate.jpa.HibernatePersistenceProvider]
[DEBUG] 2026-04-26 23:01:58.866 [main] LogHelper - PersistenceUnitInfo [
	name: Catering
	persistence provider classname: org.hibernate.jpa.HibernatePersistenceProvider
	classloader: null
	excludeUnlistedClasses: false
	JTA datasource: null
	Non JTA datasource: null
	Transaction type: RESOURCE_LOCAL
	PU root URL: file:/home/alumno/eclipse-workspace/Gestion_Catering_1C/build/classes/
	Shared Cache Mode: null
	Validation Mode: null
	Jar files URLs []
	Managed classes names [
		es.ubu.lsi.model.catering.BonoCliente
		es.ubu.lsi.model.catering.Cliente
		es.ubu.lsi.model.catering.Compra
		es.ubu.lsi.model.catering.CompraPK
		es.ubu.lsi.model.catering.Menu]
	Mapping files names []
	Properties [
		hibernate.connection.autocommit: false
		hibernate.use_sql_comments: false
		hibernate.connection.driver_class: oracle.jdbc.driver.OracleDriver
		hibernate.default_schema: HR
		hibernate.dialect: org.hibernate.dialect.Oracle10gDialect
		hibernate.format_sql: false
		hibernate.generate_statistics: false
		hibernate.connection.username: HR
		hibernate.connection.url: jdbc:oracle:thin:@localhost:1521:XE
		hibernate.show_sql: false
		hibernate.connection.password: hr
		hibernate.connection.pool_size: 5]
[DEBUG] 2026-04-26 23:01:58.875 [main] IntegratorServiceImpl - Adding Integrator [org.hibernate.cfg.beanvalidation.BeanValidationIntegrator].
[DEBUG] 2026-04-26 23:01:58.878 [main] IntegratorServiceImpl - Adding Integrator [org.hibernate.secure.spi.JaccIntegrator].
[DEBUG] 2026-04-26 23:01:58.883 [main] IntegratorServiceImpl - Adding Integrator [org.hibernate.cache.internal.CollectionCacheInvalidator].
[DEBUG] 2026-04-26 23:01:58.902 [main] IntegratorServiceImpl - Adding Integrator [org.hibernate.envers.boot.internal.EnversIntegrator].
[INFO ] 2026-04-26 23:01:59.006 [main] Version - HHH000412: Hibernate ORM core version 5.4.13.Final
[DEBUG] 2026-04-26 23:01:59.007 [main] Environment - HHH000206: hibernate.properties not found
[DEBUG] 2026-04-26 23:01:59.183 [main] ServiceBinding - Overriding existing service binding [org.hibernate.secure.spi.JaccService]
[DEBUG] 2026-04-26 23:01:59.200 [main] RegionFactoryInitiator - Cannot default RegionFactory based on registered strategies as `[]` RegionFactory strategies were registered
[DEBUG] 2026-04-26 23:01:59.201 [main] RegionFactoryInitiator - Cache region factory : org.hibernate.cache.internal.NoCachingRegionFactory
[INFO ] 2026-04-26 23:01:59.221 [main] JavaReflectionManager - HCANN000001: Hibernate Commons Annotations {5.1.0.Final}
[DEBUG] 2026-04-26 23:01:59.284 [main] BasicTypeRegistry - Adding type registration boolean -> org.hibernate.type.BooleanType@5118388b
[DEBUG] 2026-04-26 23:01:59.284 [main] BasicTypeRegistry - Adding type registration boolean -> org.hibernate.type.BooleanType@5118388b
[DEBUG] 2026-04-26 23:01:59.284 [main] BasicTypeRegistry - Adding type registration java.lang.Boolean -> org.hibernate.type.BooleanType@5118388b
[DEBUG] 2026-04-26 23:01:59.285 [main] BasicTypeRegistry - Adding type registration numeric_boolean -> org.hibernate.type.NumericBooleanType@5af28b27
[DEBUG] 2026-04-26 23:01:59.286 [main] BasicTypeRegistry - Adding type registration true_false -> org.hibernate.type.TrueFalseType@3c9168dc
[DEBUG] 2026-04-26 23:01:59.287 [main] BasicTypeRegistry - Adding type registration yes_no -> org.hibernate.type.YesNoType@32232e55
[DEBUG] 2026-04-26 23:01:59.289 [main] BasicTypeRegistry - Adding type registration byte -> org.hibernate.type.ByteType@7bf9b098
[DEBUG] 2026-04-26 23:01:59.289 [main] BasicTypeRegistry - Adding type registration byte -> org.hibernate.type.ByteType@7bf9b098
[DEBUG] 2026-04-26 23:01:59.290 [main] BasicTypeRegistry - Adding type registration java.lang.Byte -> org.hibernate.type.ByteType@7bf9b098
[DEBUG] 2026-04-26 23:01:59.291 [main] BasicTypeRegistry - Adding type registration character -> org.hibernate.type.CharacterType@2c177f9e
[DEBUG] 2026-04-26 23:01:59.292 [main] BasicTypeRegistry - Adding type registration char -> org.hibernate.type.CharacterType@2c177f9e
[DEBUG] 2026-04-26 23:01:59.292 [main] BasicTypeRegistry - Adding type registration java.lang.Character -> org.hibernate.type.CharacterType@2c177f9e
[DEBUG] 2026-04-26 23:01:59.293 [main] BasicTypeRegistry - Adding type registration short -> org.hibernate.type.ShortType@4f8969b0
[DEBUG] 2026-04-26 23:01:59.293 [main] BasicTypeRegistry - Adding type registration short -> org.hibernate.type.ShortType@4f8969b0
[DEBUG] 2026-04-26 23:01:59.293 [main] BasicTypeRegistry - Adding type registration java.lang.Short -> org.hibernate.type.ShortType@4f8969b0
[DEBUG] 2026-04-26 23:01:59.294 [main] BasicTypeRegistry - Adding type registration integer -> org.hibernate.type.IntegerType@2fab4aff
[DEBUG] 2026-04-26 23:01:59.295 [main] BasicTypeRegistry - Adding type registration int -> org.hibernate.type.IntegerType@2fab4aff
[DEBUG] 2026-04-26 23:01:59.295 [main] BasicTypeRegistry - Adding type registration java.lang.Integer -> org.hibernate.type.IntegerType@2fab4aff
[DEBUG] 2026-04-26 23:01:59.296 [main] BasicTypeRegistry - Adding type registration long -> org.hibernate.type.LongType@11dee337
[DEBUG] 2026-04-26 23:01:59.296 [main] BasicTypeRegistry - Adding type registration long -> org.hibernate.type.LongType@11dee337
[DEBUG] 2026-04-26 23:01:59.296 [main] BasicTypeRegistry - Adding type registration java.lang.Long -> org.hibernate.type.LongType@11dee337
[DEBUG] 2026-04-26 23:01:59.297 [main] BasicTypeRegistry - Adding type registration float -> org.hibernate.type.FloatType@76a82f33
[DEBUG] 2026-04-26 23:01:59.297 [main] BasicTypeRegistry - Adding type registration float -> org.hibernate.type.FloatType@76a82f33
[DEBUG] 2026-04-26 23:01:59.298 [main] BasicTypeRegistry - Adding type registration java.lang.Float -> org.hibernate.type.FloatType@76a82f33
[DEBUG] 2026-04-26 23:01:59.298 [main] BasicTypeRegistry - Adding type registration double -> org.hibernate.type.DoubleType@7cbee484
[DEBUG] 2026-04-26 23:01:59.299 [main] BasicTypeRegistry - Adding type registration double -> org.hibernate.type.DoubleType@7cbee484
[DEBUG] 2026-04-26 23:01:59.299 [main] BasicTypeRegistry - Adding type registration java.lang.Double -> org.hibernate.type.DoubleType@7cbee484
[DEBUG] 2026-04-26 23:01:59.300 [main] BasicTypeRegistry - Adding type registration big_decimal -> org.hibernate.type.BigDecimalType@4b6166aa
[DEBUG] 2026-04-26 23:01:59.300 [main] BasicTypeRegistry - Adding type registration java.math.BigDecimal -> org.hibernate.type.BigDecimalType@4b6166aa
[DEBUG] 2026-04-26 23:01:59.301 [main] BasicTypeRegistry - Adding type registration big_integer -> org.hibernate.type.BigIntegerType@2baa8d82
[DEBUG] 2026-04-26 23:01:59.302 [main] BasicTypeRegistry - Adding type registration java.math.BigInteger -> org.hibernate.type.BigIntegerType@2baa8d82
[DEBUG] 2026-04-26 23:01:59.303 [main] BasicTypeRegistry - Adding type registration string -> org.hibernate.type.StringType@4cc76301
[DEBUG] 2026-04-26 23:01:59.303 [main] BasicTypeRegistry - Adding type registration java.lang.String -> org.hibernate.type.StringType@4cc76301
[DEBUG] 2026-04-26 23:01:59.304 [main] BasicTypeRegistry - Adding type registration nstring -> org.hibernate.type.StringNVarcharType@a486d78
[DEBUG] 2026-04-26 23:01:59.305 [main] BasicTypeRegistry - Adding type registration ncharacter -> org.hibernate.type.CharacterNCharType@4c36250e
[DEBUG] 2026-04-26 23:01:59.306 [main] BasicTypeRegistry - Adding type registration url -> org.hibernate.type.UrlType@3bffddff
[DEBUG] 2026-04-26 23:01:59.306 [main] BasicTypeRegistry - Adding type registration java.net.URL -> org.hibernate.type.UrlType@3bffddff
[DEBUG] 2026-04-26 23:01:59.307 [main] BasicTypeRegistry - Adding type registration Duration -> org.hibernate.type.DurationType@56e07a08
[DEBUG] 2026-04-26 23:01:59.308 [main] BasicTypeRegistry - Adding type registration java.time.Duration -> org.hibernate.type.DurationType@56e07a08
[DEBUG] 2026-04-26 23:01:59.312 [main] BasicTypeRegistry - Adding type registration Instant -> org.hibernate.type.InstantType@c9413d8
[DEBUG] 2026-04-26 23:01:59.313 [main] BasicTypeRegistry - Adding type registration java.time.Instant -> org.hibernate.type.InstantType@c9413d8
[DEBUG] 2026-04-26 23:01:59.314 [main] BasicTypeRegistry - Adding type registration LocalDateTime -> org.hibernate.type.LocalDateTimeType@7caa550
[DEBUG] 2026-04-26 23:01:59.314 [main] BasicTypeRegistry - Adding type registration java.time.LocalDateTime -> org.hibernate.type.LocalDateTimeType@7caa550
[DEBUG] 2026-04-26 23:01:59.315 [main] BasicTypeRegistry - Adding type registration LocalDate -> org.hibernate.type.LocalDateType@32057e6
[DEBUG] 2026-04-26 23:01:59.316 [main] BasicTypeRegistry - Adding type registration java.time.LocalDate -> org.hibernate.type.LocalDateType@32057e6
[DEBUG] 2026-04-26 23:01:59.316 [main] BasicTypeRegistry - Adding type registration LocalTime -> org.hibernate.type.LocalTimeType@782a4fff
[DEBUG] 2026-04-26 23:01:59.317 [main] BasicTypeRegistry - Adding type registration java.time.LocalTime -> org.hibernate.type.LocalTimeType@782a4fff
[DEBUG] 2026-04-26 23:01:59.319 [main] BasicTypeRegistry - Adding type registration OffsetDateTime -> org.hibernate.type.OffsetDateTimeType@1133ec6e
[DEBUG] 2026-04-26 23:01:59.319 [main] BasicTypeRegistry - Adding type registration java.time.OffsetDateTime -> org.hibernate.type.OffsetDateTimeType@1133ec6e
[DEBUG] 2026-04-26 23:01:59.323 [main] BasicTypeRegistry - Adding type registration OffsetTime -> org.hibernate.type.OffsetTimeType@770d0ea6
[DEBUG] 2026-04-26 23:01:59.324 [main] BasicTypeRegistry - Adding type registration java.time.OffsetTime -> org.hibernate.type.OffsetTimeType@770d0ea6
[DEBUG] 2026-04-26 23:01:59.325 [main] BasicTypeRegistry - Adding type registration ZonedDateTime -> org.hibernate.type.ZonedDateTimeType@2f2bf0e2
[DEBUG] 2026-04-26 23:01:59.325 [main] BasicTypeRegistry - Adding type registration java.time.ZonedDateTime -> org.hibernate.type.ZonedDateTimeType@2f2bf0e2
[DEBUG] 2026-04-26 23:01:59.327 [main] BasicTypeRegistry - Adding type registration date -> org.hibernate.type.DateType@5e77f0f4
[DEBUG] 2026-04-26 23:01:59.327 [main] BasicTypeRegistry - Adding type registration java.sql.Date -> org.hibernate.type.DateType@5e77f0f4
[DEBUG] 2026-04-26 23:01:59.328 [main] BasicTypeRegistry - Adding type registration time -> org.hibernate.type.TimeType@7a138fc5
[DEBUG] 2026-04-26 23:01:59.328 [main] BasicTypeRegistry - Adding type registration java.sql.Time -> org.hibernate.type.TimeType@7a138fc5
[DEBUG] 2026-04-26 23:01:59.329 [main] BasicTypeRegistry - Adding type registration timestamp -> org.hibernate.type.TimestampType@7db534f2
[DEBUG] 2026-04-26 23:01:59.329 [main] BasicTypeRegistry - Adding type registration java.sql.Timestamp -> org.hibernate.type.TimestampType@7db534f2
[DEBUG] 2026-04-26 23:01:59.330 [main] BasicTypeRegistry - Adding type registration java.util.Date -> org.hibernate.type.TimestampType@7db534f2
[DEBUG] 2026-04-26 23:01:59.333 [main] BasicTypeRegistry - Adding type registration dbtimestamp -> org.hibernate.type.DbTimestampType@7eb01b12
[DEBUG] 2026-04-26 23:01:59.334 [main] BasicTypeRegistry - Adding type registration calendar -> org.hibernate.type.CalendarType@a50b09c
[DEBUG] 2026-04-26 23:01:59.335 [main] BasicTypeRegistry - Adding type registration java.util.Calendar -> org.hibernate.type.CalendarType@a50b09c
[DEBUG] 2026-04-26 23:01:59.335 [main] BasicTypeRegistry - Adding type registration java.util.GregorianCalendar -> org.hibernate.type.CalendarType@a50b09c
[DEBUG] 2026-04-26 23:01:59.336 [main] BasicTypeRegistry - Adding type registration calendar_date -> org.hibernate.type.CalendarDateType@21d5c1a0
[DEBUG] 2026-04-26 23:01:59.336 [main] BasicTypeRegistry - Adding type registration calendar_time -> org.hibernate.type.CalendarTimeType@5c1bd44c
[DEBUG] 2026-04-26 23:01:59.338 [main] BasicTypeRegistry - Adding type registration locale -> org.hibernate.type.LocaleType@6e57e95e
[DEBUG] 2026-04-26 23:01:59.338 [main] BasicTypeRegistry - Adding type registration java.util.Locale -> org.hibernate.type.LocaleType@6e57e95e
[DEBUG] 2026-04-26 23:01:59.341 [main] BasicTypeRegistry - Adding type registration currency -> org.hibernate.type.CurrencyType@578524c3
[DEBUG] 2026-04-26 23:01:59.345 [main] BasicTypeRegistry - Adding type registration java.util.Currency -> org.hibernate.type.CurrencyType@578524c3
[DEBUG] 2026-04-26 23:01:59.346 [main] BasicTypeRegistry - Adding type registration timezone -> org.hibernate.type.TimeZoneType@3591009c
[DEBUG] 2026-04-26 23:01:59.346 [main] BasicTypeRegistry - Adding type registration java.util.TimeZone -> org.hibernate.type.TimeZoneType@3591009c
[DEBUG] 2026-04-26 23:01:59.347 [main] BasicTypeRegistry - Adding type registration class -> org.hibernate.type.ClassType@6928f576
[DEBUG] 2026-04-26 23:01:59.347 [main] BasicTypeRegistry - Adding type registration java.lang.Class -> org.hibernate.type.ClassType@6928f576
[DEBUG] 2026-04-26 23:01:59.348 [main] BasicTypeRegistry - Adding type registration uuid-binary -> org.hibernate.type.UUIDBinaryType@db44aa2
[DEBUG] 2026-04-26 23:01:59.348 [main] BasicTypeRegistry - Adding type registration java.util.UUID -> org.hibernate.type.UUIDBinaryType@db44aa2
[DEBUG] 2026-04-26 23:01:59.348 [main] BasicTypeRegistry - Adding type registration uuid-char -> org.hibernate.type.UUIDCharType@4eeea57d
[DEBUG] 2026-04-26 23:01:59.352 [main] BasicTypeRegistry - Adding type registration binary -> org.hibernate.type.BinaryType@3dd69f5a
[DEBUG] 2026-04-26 23:01:59.352 [main] BasicTypeRegistry - Adding type registration byte[] -> org.hibernate.type.BinaryType@3dd69f5a
[DEBUG] 2026-04-26 23:01:59.353 [main] BasicTypeRegistry - Adding type registration [B -> org.hibernate.type.BinaryType@3dd69f5a
[DEBUG] 2026-04-26 23:01:59.354 [main] BasicTypeRegistry - Adding type registration wrapper-binary -> org.hibernate.type.WrapperBinaryType@6bc248ed
[DEBUG] 2026-04-26 23:01:59.354 [main] BasicTypeRegistry - Adding type registration Byte[] -> org.hibernate.type.WrapperBinaryType@6bc248ed
[DEBUG] 2026-04-26 23:01:59.355 [main] BasicTypeRegistry - Adding type registration [Ljava.lang.Byte; -> org.hibernate.type.WrapperBinaryType@6bc248ed
[DEBUG] 2026-04-26 23:01:59.356 [main] BasicTypeRegistry - Adding type registration row_version -> org.hibernate.type.RowVersionType@544630b7
[DEBUG] 2026-04-26 23:01:59.357 [main] BasicTypeRegistry - Adding type registration image -> org.hibernate.type.ImageType@3d6300e8
[DEBUG] 2026-04-26 23:01:59.358 [main] BasicTypeRegistry - Adding type registration characters -> org.hibernate.type.CharArrayType@410954b
[DEBUG] 2026-04-26 23:01:59.358 [main] BasicTypeRegistry - Adding type registration char[] -> org.hibernate.type.CharArrayType@410954b
[DEBUG] 2026-04-26 23:01:59.358 [main] BasicTypeRegistry - Adding type registration [C -> org.hibernate.type.CharArrayType@410954b
[DEBUG] 2026-04-26 23:01:59.359 [main] BasicTypeRegistry - Adding type registration wrapper-characters -> org.hibernate.type.CharacterArrayType@1cf2fed4
[DEBUG] 2026-04-26 23:01:59.359 [main] BasicTypeRegistry - Adding type registration [Ljava.lang.Character; -> org.hibernate.type.CharacterArrayType@1cf2fed4
[DEBUG] 2026-04-26 23:01:59.359 [main] BasicTypeRegistry - Adding type registration Character[] -> org.hibernate.type.CharacterArrayType@1cf2fed4
[DEBUG] 2026-04-26 23:01:59.360 [main] BasicTypeRegistry - Adding type registration text -> org.hibernate.type.TextType@466cf502
[DEBUG] 2026-04-26 23:01:59.360 [main] BasicTypeRegistry - Adding type registration ntext -> org.hibernate.type.NTextType@5f7f2382
[DEBUG] 2026-04-26 23:01:59.362 [main] BasicTypeRegistry - Adding type registration blob -> org.hibernate.type.BlobType@3546d80f
[DEBUG] 2026-04-26 23:01:59.362 [main] BasicTypeRegistry - Adding type registration java.sql.Blob -> org.hibernate.type.BlobType@3546d80f
[DEBUG] 2026-04-26 23:01:59.362 [main] BasicTypeRegistry - Adding type registration materialized_blob -> org.hibernate.type.MaterializedBlobType@46ab18da
[DEBUG] 2026-04-26 23:01:59.363 [main] BasicTypeRegistry - Adding type registration clob -> org.hibernate.type.ClobType@aa22f1c
[DEBUG] 2026-04-26 23:01:59.364 [main] BasicTypeRegistry - Adding type registration java.sql.Clob -> org.hibernate.type.ClobType@aa22f1c
[DEBUG] 2026-04-26 23:01:59.365 [main] BasicTypeRegistry - Adding type registration nclob -> org.hibernate.type.NClobType@3aee3976
[DEBUG] 2026-04-26 23:01:59.365 [main] BasicTypeRegistry - Adding type registration java.sql.NClob -> org.hibernate.type.NClobType@3aee3976
[DEBUG] 2026-04-26 23:01:59.365 [main] BasicTypeRegistry - Adding type registration materialized_clob -> org.hibernate.type.MaterializedClobType@5910de75
[DEBUG] 2026-04-26 23:01:59.366 [main] BasicTypeRegistry - Adding type registration materialized_nclob -> org.hibernate.type.MaterializedNClobType@21362712
[DEBUG] 2026-04-26 23:01:59.367 [main] BasicTypeRegistry - Adding type registration serializable -> org.hibernate.type.SerializableType@77cf3f8b
[DEBUG] 2026-04-26 23:01:59.371 [main] BasicTypeRegistry - Adding type registration object -> org.hibernate.type.ObjectType@585811a4
[DEBUG] 2026-04-26 23:01:59.371 [main] BasicTypeRegistry - Adding type registration java.lang.Object -> org.hibernate.type.ObjectType@585811a4
[DEBUG] 2026-04-26 23:01:59.372 [main] BasicTypeRegistry - Adding type registration imm_date -> org.hibernate.type.AdaptedImmutableType@5400db36
[DEBUG] 2026-04-26 23:01:59.372 [main] BasicTypeRegistry - Adding type registration imm_time -> org.hibernate.type.AdaptedImmutableType@76b74e9c
[DEBUG] 2026-04-26 23:01:59.372 [main] BasicTypeRegistry - Adding type registration imm_timestamp -> org.hibernate.type.AdaptedImmutableType@2d72f75e
[DEBUG] 2026-04-26 23:01:59.373 [main] BasicTypeRegistry - Adding type registration imm_dbtimestamp -> org.hibernate.type.AdaptedImmutableType@8ab78bc
[DEBUG] 2026-04-26 23:01:59.373 [main] BasicTypeRegistry - Adding type registration imm_calendar -> org.hibernate.type.AdaptedImmutableType@5aa0dbf4
[DEBUG] 2026-04-26 23:01:59.373 [main] BasicTypeRegistry - Adding type registration imm_calendar_date -> org.hibernate.type.AdaptedImmutableType@16afbd92
[DEBUG] 2026-04-26 23:01:59.373 [main] BasicTypeRegistry - Adding type registration imm_binary -> org.hibernate.type.AdaptedImmutableType@2c5d601e
[DEBUG] 2026-04-26 23:01:59.373 [main] BasicTypeRegistry - Adding type registration imm_serializable -> org.hibernate.type.AdaptedImmutableType@7fe083b1
[DEBUG] 2026-04-26 23:01:59.384 [main] BootstrapContextImpl - Injecting ScanEnvironment [org.hibernate.jpa.boot.internal.StandardJpaScanEnvironmentImpl@4fbdc0f0] into BootstrapContext; was [null]
[DEBUG] 2026-04-26 23:01:59.384 [main] BootstrapContextImpl - Injecting ScanOptions [org.hibernate.boot.archive.scan.internal.StandardScanOptions@2ad3a1bb] into BootstrapContext; was [org.hibernate.boot.archive.scan.internal.StandardScanOptions@6bc28a83]
[DEBUG] 2026-04-26 23:01:59.450 [main] BootstrapContextImpl - Injecting JPA temp ClassLoader [null] into BootstrapContext; was [null]
[DEBUG] 2026-04-26 23:01:59.450 [main] ClassLoaderAccessImpl - ClassLoaderAccessImpl#injectTempClassLoader(null) [was null]
[DEBUG] 2026-04-26 23:01:59.461 [main] DefaultIdentifierGeneratorFactory - Registering IdentifierGenerator strategy [uuid2] -> [org.hibernate.id.UUIDGenerator]
[DEBUG] 2026-04-26 23:01:59.461 [main] DefaultIdentifierGeneratorFactory - Registering IdentifierGenerator strategy [guid] -> [org.hibernate.id.GUIDGenerator]
[DEBUG] 2026-04-26 23:01:59.462 [main] DefaultIdentifierGeneratorFactory - Registering IdentifierGenerator strategy [uuid] -> [org.hibernate.id.UUIDHexGenerator]
[DEBUG] 2026-04-26 23:01:59.462 [main] DefaultIdentifierGeneratorFactory - Registering IdentifierGenerator strategy [uuid.hex] -> [org.hibernate.id.UUIDHexGenerator]
[DEBUG] 2026-04-26 23:01:59.463 [main] DefaultIdentifierGeneratorFactory - Registering IdentifierGenerator strategy [assigned] -> [org.hibernate.id.Assigned]
[DEBUG] 2026-04-26 23:01:59.463 [main] DefaultIdentifierGeneratorFactory - Registering IdentifierGenerator strategy [identity] -> [org.hibernate.id.IdentityGenerator]
[DEBUG] 2026-04-26 23:01:59.464 [main] DefaultIdentifierGeneratorFactory - Registering IdentifierGenerator strategy [select] -> [org.hibernate.id.SelectGenerator]
[DEBUG] 2026-04-26 23:01:59.465 [main] DefaultIdentifierGeneratorFactory - Registering IdentifierGenerator strategy [sequence] -> [org.hibernate.id.enhanced.SequenceStyleGenerator]
[DEBUG] 2026-04-26 23:01:59.466 [main] DefaultIdentifierGeneratorFactory - Registering IdentifierGenerator strategy [seqhilo] -> [org.hibernate.id.SequenceHiLoGenerator]
[DEBUG] 2026-04-26 23:01:59.466 [main] DefaultIdentifierGeneratorFactory - Registering IdentifierGenerator strategy [increment] -> [org.hibernate.id.IncrementGenerator]
[DEBUG] 2026-04-26 23:01:59.466 [main] DefaultIdentifierGeneratorFactory - Registering IdentifierGenerator strategy [foreign] -> [org.hibernate.id.ForeignGenerator]
[DEBUG] 2026-04-26 23:01:59.467 [main] DefaultIdentifierGeneratorFactory - Registering IdentifierGenerator strategy [sequence-identity] -> [org.hibernate.id.SequenceIdentityGenerator]
[DEBUG] 2026-04-26 23:01:59.467 [main] DefaultIdentifierGeneratorFactory - Registering IdentifierGenerator strategy [enhanced-sequence] -> [org.hibernate.id.enhanced.SequenceStyleGenerator]
[DEBUG] 2026-04-26 23:01:59.468 [main] DefaultIdentifierGeneratorFactory - Registering IdentifierGenerator strategy [enhanced-table] -> [org.hibernate.id.enhanced.TableGenerator]
[WARN ] 2026-04-26 23:01:59.474 [main] DriverManagerConnectionProviderImpl - HHH10001002: Using Hibernate built-in connection pool (not for production use!)
[INFO ] 2026-04-26 23:01:59.519 [main] DriverManagerConnectionProviderImpl - HHH10001005: using driver [oracle.jdbc.driver.OracleDriver] at URL [jdbc:oracle:thin:@localhost:1521:XE]
[INFO ] 2026-04-26 23:01:59.520 [main] DriverManagerConnectionProviderImpl - HHH10001001: Connection properties: {password=hr, autocommit=false, user=HR}
[INFO ] 2026-04-26 23:01:59.520 [main] DriverManagerConnectionProviderImpl - HHH10001003: Autocommit mode: false
[DEBUG] 2026-04-26 23:01:59.522 [main] DelegatingBasicLogger - Initializing Connection pool with 1 Connections
[INFO ] 2026-04-26 23:01:59.523 [main] DriverManagerConnectionProviderImpl$PooledConnections - HHH000115: Hibernate connection pool size: 5 (min=1)
[DEBUG] 2026-04-26 23:01:59.747 [main] JdbcEnvironmentInitiator - Database ->
       name : Oracle
    version : Oracle Database 11g Express Edition Release 11.2.0.2.0 - 64bit Production
      major : 11
      minor : 2
[DEBUG] 2026-04-26 23:01:59.747 [main] JdbcEnvironmentInitiator - Driver ->
       name : Oracle JDBC driver
    version : 11.2.0.4.0
      major : 11
      minor : 2
[DEBUG] 2026-04-26 23:01:59.747 [main] DelegatingBasicLogger - JDBC version : 11.2
[INFO ] 2026-04-26 23:01:59.759 [main] Dialect - HHH000400: Using dialect: org.hibernate.dialect.Oracle10gDialect
[DEBUG] 2026-04-26 23:01:59.875 [main] DefaultSchemaNameResolver - Unable to use Java 1.7 Connection#getSchema
[DEBUG] 2026-04-26 23:01:59.920 [main] Namespace - Created database namespace [logicalName=Name{catalog=null, schema=HR}, physicalName=Name{catalog=null, schema=HR}]
[INFO ] 2026-04-26 23:01:59.932 [main] EnversServiceImpl - Envers integration enabled? : true
[DEBUG] 2026-04-26 23:01:59.934 [main] BasicTypeRegistry - Adding type registration org.hibernate.envers.internal.entities.RevisionTypeType -> org.hibernate.type.CustomType@27c04377
[DEBUG] 2026-04-26 23:01:59.935 [main] TypeConfiguration - Scoping TypeConfiguration [org.hibernate.type.spi.TypeConfiguration@749ab7b4] to MetadataBuildingContext [org.hibernate.boot.internal.MetadataBuildingContextRootImpl@127f9161]
[DEBUG] 2026-04-26 23:01:59.984 [main] AnnotationBinder - Binding entity from annotated class: es.ubu.lsi.model.catering.BonoCliente
[DEBUG] 2026-04-26 23:01:59.999 [main] QueryBinder - Binding named query: BonoCliente.findAll => SELECT b FROM BonoCliente b
[DEBUG] 2026-04-26 23:02:00.004 [main] Ejb3Column - Binding column: Ejb3DiscriminatorColumn{logicalColumnName'DTYPE', discriminatorTypeName='string'}
[DEBUG] 2026-04-26 23:02:00.008 [main] EntityBinder - Import with entity name BonoCliente
[DEBUG] 2026-04-26 23:02:00.014 [main] EntityBinder - Bind entity es.ubu.lsi.model.catering.BonoCliente on table BonoCliente
[DEBUG] 2026-04-26 23:02:00.035 [main] Ejb3Column - Binding column: Ejb3Column{table=org.hibernate.mapping.Table(HR.BonoCliente), mappingColumn=idbonocliente, insertable=true, updatable=true, unique=false}
[DEBUG] 2026-04-26 23:02:00.038 [main] PropertyBinder - MetadataSourceProcessor property idbonocliente with lazy=false
[DEBUG] 2026-04-26 23:02:00.039 [main] AbstractPropertyHolder - Attempting to locate auto-apply AttributeConverter for property [es.ubu.lsi.model.catering.BonoCliente:idbonocliente]
[DEBUG] 2026-04-26 23:02:00.041 [main] SimpleValueBinder - building SimpleValue for idbonocliente
[DEBUG] 2026-04-26 23:02:00.044 [main] PropertyBinder - Building property idbonocliente
[DEBUG] 2026-04-26 23:02:00.047 [main] BinderHelper - #makeIdGenerator(org.hibernate.mapping.SimpleValue([org.hibernate.mapping.Column(idbonocliente)]), idbonocliente, assigned, , ...)
[DEBUG] 2026-04-26 23:02:00.048 [main] Ejb3Column - Binding column: Ejb3Column{table=org.hibernate.mapping.Table(HR.BonoCliente), mappingColumn=bono, insertable=true, updatable=true, unique=false}
[DEBUG] 2026-04-26 23:02:00.048 [main] PropertyBinder - MetadataSourceProcessor property bono with lazy=false
[DEBUG] 2026-04-26 23:02:00.048 [main] AbstractPropertyHolder - Attempting to locate auto-apply AttributeConverter for property [es.ubu.lsi.model.catering.BonoCliente:bono]
[DEBUG] 2026-04-26 23:02:00.048 [main] SimpleValueBinder - building SimpleValue for bono
[DEBUG] 2026-04-26 23:02:00.049 [main] PropertyBinder - Building property bono
[DEBUG] 2026-04-26 23:02:00.050 [main] Ejb3Column - Binding column: Ejb3JoinColumn{logicalColumnName='null', referencedColumn='null', mappedBy='bonoCliente'}
[DEBUG] 2026-04-26 23:02:00.051 [main] Ejb3Column - Binding column: Ejb3Column{table=org.hibernate.mapping.Table(HR.BonoCliente), mappingColumn=clientes, insertable=true, updatable=true, unique=false}
[DEBUG] 2026-04-26 23:02:00.053 [main] Ejb3Column - Binding column: Ejb3Column{table=org.hibernate.mapping.Table(HR.BonoCliente), mappingColumn=null, insertable=true, updatable=true, unique=false}
[DEBUG] 2026-04-26 23:02:00.061 [main] Ejb3Column - Binding column: Ejb3Column{table=org.hibernate.mapping.Table(HR.BonoCliente), mappingColumn=element, insertable=true, updatable=true, unique=false}
[DEBUG] 2026-04-26 23:02:00.062 [main] Ejb3Column - Binding column: Ejb3Column{table=org.hibernate.mapping.Table(HR.BonoCliente), mappingColumn=clientes_KEY, insertable=true, updatable=true, unique=false}
[DEBUG] 2026-04-26 23:02:00.062 [main] Ejb3Column - Binding column: Ejb3JoinColumn{logicalColumnName='clientes_KEY', referencedColumn='null', mappedBy='null'}
[DEBUG] 2026-04-26 23:02:00.064 [main] Ejb3Column - Binding column: Ejb3JoinColumn{logicalColumnName='null', referencedColumn='null', mappedBy='bonoCliente'}
[DEBUG] 2026-04-26 23:02:00.064 [main] Ejb3Column - Binding column: Ejb3JoinColumn{logicalColumnName='null', referencedColumn='null', mappedBy='bonoCliente'}
[DEBUG] 2026-04-26 23:02:00.065 [main] CollectionBinder - Collection role: es.ubu.lsi.model.catering.BonoCliente.clientes
[DEBUG] 2026-04-26 23:02:00.067 [main] PropertyBinder - Building property clientes
[DEBUG] 2026-04-26 23:02:00.068 [main] Ejb3Column - Binding column: Ejb3Column{table=org.hibernate.mapping.Table(HR.BonoCliente), mappingColumn=descuento, insertable=true, updatable=true, unique=false}
[DEBUG] 2026-04-26 23:02:00.068 [main] PropertyBinder - MetadataSourceProcessor property descuento with lazy=false
[DEBUG] 2026-04-26 23:02:00.069 [main] AbstractPropertyHolder - Attempting to locate auto-apply AttributeConverter for property [es.ubu.lsi.model.catering.BonoCliente:descuento]
[DEBUG] 2026-04-26 23:02:00.069 [main] SimpleValueBinder - building SimpleValue for descuento
[DEBUG] 2026-04-26 23:02:00.070 [main] PropertyBinder - Building property descuento
[DEBUG] 2026-04-26 23:02:00.071 [main] AnnotationBinder - Binding entity from annotated class: es.ubu.lsi.model.catering.Cliente
[DEBUG] 2026-04-26 23:02:00.071 [main] QueryBinder - Binding named query: Cliente.findAll => SELECT c FROM Cliente c
[DEBUG] 2026-04-26 23:02:00.072 [main] Ejb3Column - Binding column: Ejb3DiscriminatorColumn{logicalColumnName'DTYPE', discriminatorTypeName='string'}
[DEBUG] 2026-04-26 23:02:00.072 [main] EntityBinder - Import with entity name Cliente
[DEBUG] 2026-04-26 23:02:00.072 [main] EntityBinder - Bind entity es.ubu.lsi.model.catering.Cliente on table Cliente
[DEBUG] 2026-04-26 23:02:00.080 [main] Ejb3Column - Binding column: Ejb3Column{table=org.hibernate.mapping.Table(HR.Cliente), mappingColumn=cif, insertable=true, updatable=true, unique=false}
[DEBUG] 2026-04-26 23:02:00.080 [main] PropertyBinder - MetadataSourceProcessor property cif with lazy=false
[DEBUG] 2026-04-26 23:02:00.081 [main] AbstractPropertyHolder - Attempting to locate auto-apply AttributeConverter for property [es.ubu.lsi.model.catering.Cliente:cif]
[DEBUG] 2026-04-26 23:02:00.081 [main] SimpleValueBinder - building SimpleValue for cif
[DEBUG] 2026-04-26 23:02:00.081 [main] PropertyBinder - Building property cif
[DEBUG] 2026-04-26 23:02:00.081 [main] BinderHelper - #makeIdGenerator(org.hibernate.mapping.SimpleValue([org.hibernate.mapping.Column(cif)]), cif, assigned, , ...)
[DEBUG] 2026-04-26 23:02:00.082 [main] Ejb3Column - Binding column: Ejb3JoinColumn{logicalColumnName='IDBONOCLIENTE', referencedColumn='', mappedBy=''}
[DEBUG] 2026-04-26 23:02:00.082 [main] Ejb3Column - Binding column: Ejb3Column{table=org.hibernate.mapping.Table(HR.Cliente), mappingColumn=bonoCliente, insertable=true, updatable=true, unique=false}
[DEBUG] 2026-04-26 23:02:00.084 [main] PropertyBinder - Building property bonoCliente
[DEBUG] 2026-04-26 23:02:00.085 [main] Ejb3Column - Binding column: Ejb3JoinColumn{logicalColumnName='null', referencedColumn='null', mappedBy='cliente'}
[DEBUG] 2026-04-26 23:02:00.085 [main] Ejb3Column - Binding column: Ejb3Column{table=org.hibernate.mapping.Table(HR.Cliente), mappingColumn=compras, insertable=true, updatable=true, unique=false}
[DEBUG] 2026-04-26 23:02:00.086 [main] Ejb3Column - Binding column: Ejb3Column{table=org.hibernate.mapping.Table(HR.Cliente), mappingColumn=null, insertable=true, updatable=true, unique=false}
[DEBUG] 2026-04-26 23:02:00.086 [main] Ejb3Column - Binding column: Ejb3Column{table=org.hibernate.mapping.Table(HR.Cliente), mappingColumn=element, insertable=true, updatable=true, unique=false}
[DEBUG] 2026-04-26 23:02:00.087 [main] Ejb3Column - Binding column: Ejb3Column{table=org.hibernate.mapping.Table(HR.Cliente), mappingColumn=compras_KEY, insertable=true, updatable=true, unique=false}
[DEBUG] 2026-04-26 23:02:00.087 [main] Ejb3Column - Binding column: Ejb3JoinColumn{logicalColumnName='compras_KEY', referencedColumn='null', mappedBy='null'}
[DEBUG] 2026-04-26 23:02:00.087 [main] Ejb3Column - Binding column: Ejb3JoinColumn{logicalColumnName='null', referencedColumn='null', mappedBy='cliente'}
[DEBUG] 2026-04-26 23:02:00.087 [main] Ejb3Column - Binding column: Ejb3JoinColumn{logicalColumnName='null', referencedColumn='null', mappedBy='cliente'}
[DEBUG] 2026-04-26 23:02:00.087 [main] CollectionBinder - Collection role: es.ubu.lsi.model.catering.Cliente.compras
[DEBUG] 2026-04-26 23:02:00.088 [main] PropertyBinder - Building property compras
[DEBUG] 2026-04-26 23:02:00.088 [main] Ejb3Column - Binding column: Ejb3Column{table=org.hibernate.mapping.Table(HR.Cliente), mappingColumn=descripcion, insertable=true, updatable=true, unique=false}
[DEBUG] 2026-04-26 23:02:00.088 [main] PropertyBinder - MetadataSourceProcessor property descripcion with lazy=false
[DEBUG] 2026-04-26 23:02:00.089 [main] AbstractPropertyHolder - Attempting to locate auto-apply AttributeConverter for property [es.ubu.lsi.model.catering.Cliente:descripcion]
[DEBUG] 2026-04-26 23:02:00.089 [main] SimpleValueBinder - building SimpleValue for descripcion
[DEBUG] 2026-04-26 23:02:00.089 [main] PropertyBinder - Building property descripcion
[DEBUG] 2026-04-26 23:02:00.090 [main] Ejb3Column - Binding column: Ejb3Column{table=org.hibernate.mapping.Table(HR.Cliente), mappingColumn=direccionPostal, insertable=true, updatable=true, unique=false}
[DEBUG] 2026-04-26 23:02:00.093 [main] Ejb3Column - Binding column: Ejb3Column{table=org.hibernate.mapping.Table(HR.Cliente), mappingColumn=ciudad, insertable=true, updatable=true, unique=false}
[DEBUG] 2026-04-26 23:02:00.093 [main] PropertyBinder - MetadataSourceProcessor property ciudad with lazy=false
[DEBUG] 2026-04-26 23:02:00.093 [main] AbstractPropertyHolder - Attempting to locate auto-apply AttributeConverter for property [es.ubu.lsi.model.catering.Cliente.direccionPostal:ciudad]
[DEBUG] 2026-04-26 23:02:00.093 [main] SimpleValueBinder - building SimpleValue for ciudad
[DEBUG] 2026-04-26 23:02:00.094 [main] PropertyBinder - Building property ciudad
[DEBUG] 2026-04-26 23:02:00.094 [main] Ejb3Column - Binding column: Ejb3Column{table=org.hibernate.mapping.Table(HR.Cliente), mappingColumn=cp, insertable=true, updatable=true, unique=false}
[DEBUG] 2026-04-26 23:02:00.095 [main] PropertyBinder - MetadataSourceProcessor property cp with lazy=false
[DEBUG] 2026-04-26 23:02:00.095 [main] AbstractPropertyHolder - Attempting to locate auto-apply AttributeConverter for property [es.ubu.lsi.model.catering.Cliente.direccionPostal:cp]
[DEBUG] 2026-04-26 23:02:00.095 [main] SimpleValueBinder - building SimpleValue for cp
[DEBUG] 2026-04-26 23:02:00.095 [main] PropertyBinder - Building property cp
[DEBUG] 2026-04-26 23:02:00.096 [main] Ejb3Column - Binding column: Ejb3Column{table=org.hibernate.mapping.Table(HR.Cliente), mappingColumn=direccion, insertable=true, updatable=true, unique=false}
[DEBUG] 2026-04-26 23:02:00.096 [main] PropertyBinder - MetadataSourceProcessor property direccion with lazy=false
[DEBUG] 2026-04-26 23:02:00.096 [main] AbstractPropertyHolder - Attempting to locate auto-apply AttributeConverter for property [es.ubu.lsi.model.catering.Cliente.direccionPostal:direccion]
[DEBUG] 2026-04-26 23:02:00.096 [main] SimpleValueBinder - building SimpleValue for direccion
[DEBUG] 2026-04-26 23:02:00.097 [main] PropertyBinder - Building property direccion
[DEBUG] 2026-04-26 23:02:00.097 [main] PropertyBinder - Building property direccionPostal
[DEBUG] 2026-04-26 23:02:00.097 [main] AnnotationBinder - Binding entity from annotated class: es.ubu.lsi.model.catering.Compra
[DEBUG] 2026-04-26 23:02:00.098 [main] QueryBinder - Binding named query: Compra.findAll => SELECT c FROM Compra c
[DEBUG] 2026-04-26 23:02:00.098 [main] Ejb3Column - Binding column: Ejb3DiscriminatorColumn{logicalColumnName'DTYPE', discriminatorTypeName='string'}
[DEBUG] 2026-04-26 23:02:00.098 [main] EntityBinder - Import with entity name Compra
[DEBUG] 2026-04-26 23:02:00.099 [main] EntityBinder - Bind entity es.ubu.lsi.model.catering.Compra on table Compra
[DEBUG] 2026-04-26 23:02:00.101 [main] Ejb3Column - Binding column: Ejb3Column{table=org.hibernate.mapping.Table(HR.Compra), mappingColumn=id, insertable=true, updatable=true, unique=false}
[DEBUG] 2026-04-26 23:02:00.104 [main] Ejb3Column - Binding column: Ejb3Column{table=org.hibernate.mapping.Table(HR.Compra), mappingColumn=cif, insertable=true, updatable=true, unique=false}
[DEBUG] 2026-04-26 23:02:00.105 [main] PropertyBinder - MetadataSourceProcessor property cif with lazy=false
[DEBUG] 2026-04-26 23:02:00.105 [main] AbstractPropertyHolder - Attempting to locate auto-apply AttributeConverter for property [es.ubu.lsi.model.catering.Compra.id:cif]
[DEBUG] 2026-04-26 23:02:00.105 [main] SimpleValueBinder - building SimpleValue for cif
[DEBUG] 2026-04-26 23:02:00.105 [main] PropertyBinder - Building property cif
[DEBUG] 2026-04-26 23:02:00.106 [main] Ejb3Column - Binding column: Ejb3Column{table=org.hibernate.mapping.Table(HR.Compra), mappingColumn=fecha, insertable=true, updatable=true, unique=false}
[DEBUG] 2026-04-26 23:02:00.106 [main] PropertyBinder - MetadataSourceProcessor property fecha with lazy=false
[DEBUG] 2026-04-26 23:02:00.106 [main] AbstractPropertyHolder - Attempting to locate auto-apply AttributeConverter for property [es.ubu.lsi.model.catering.Compra.id:fecha]
[DEBUG] 2026-04-26 23:02:00.107 [main] SimpleValueBinder - building SimpleValue for fecha
[DEBUG] 2026-04-26 23:02:00.107 [main] PropertyBinder - Building property fecha
[DEBUG] 2026-04-26 23:02:00.108 [main] PropertyBinder - Building property id
[DEBUG] 2026-04-26 23:02:00.108 [main] BinderHelper - #makeIdGenerator(org.hibernate.mapping.Component([org.hibernate.mapping.Property(cif), org.hibernate.mapping.Property(fecha)]), id, assigned, , ...)
[DEBUG] 2026-04-26 23:02:00.109 [main] Ejb3Column - Binding column: Ejb3JoinColumn{logicalColumnName='CIF', referencedColumn='', mappedBy=''}
[DEBUG] 2026-04-26 23:02:00.109 [main] Ejb3Column - Binding column: Ejb3Column{table=org.hibernate.mapping.Table(HR.Compra), mappingColumn=cliente, insertable=true, updatable=true, unique=false}
[DEBUG] 2026-04-26 23:02:00.109 [main] PropertyBinder - Building property cliente
[DEBUG] 2026-04-26 23:02:00.110 [main] Ejb3Column - Binding column: Ejb3Column{table=org.hibernate.mapping.Table(HR.Compra), mappingColumn=importe, insertable=true, updatable=true, unique=false}
[DEBUG] 2026-04-26 23:02:00.110 [main] PropertyBinder - MetadataSourceProcessor property importe with lazy=false
[DEBUG] 2026-04-26 23:02:00.110 [main] AbstractPropertyHolder - Attempting to locate auto-apply AttributeConverter for property [es.ubu.lsi.model.catering.Compra:importe]
[DEBUG] 2026-04-26 23:02:00.111 [main] SimpleValueBinder - building SimpleValue for importe
[DEBUG] 2026-04-26 23:02:00.111 [main] PropertyBinder - Building property importe
[DEBUG] 2026-04-26 23:02:00.111 [main] Ejb3Column - Binding column: Ejb3JoinColumn{logicalColumnName='IDMENU', referencedColumn='', mappedBy=''}
[DEBUG] 2026-04-26 23:02:00.112 [main] Ejb3Column - Binding column: Ejb3Column{table=org.hibernate.mapping.Table(HR.Compra), mappingColumn=menu, insertable=true, updatable=true, unique=false}
[DEBUG] 2026-04-26 23:02:00.112 [main] PropertyBinder - Building property menu
[DEBUG] 2026-04-26 23:02:00.113 [main] Ejb3Column - Binding column: Ejb3Column{table=org.hibernate.mapping.Table(HR.Compra), mappingColumn=personas, insertable=true, updatable=true, unique=false}
[DEBUG] 2026-04-26 23:02:00.113 [main] PropertyBinder - MetadataSourceProcessor property personas with lazy=false
[DEBUG] 2026-04-26 23:02:00.113 [main] AbstractPropertyHolder - Attempting to locate auto-apply AttributeConverter for property [es.ubu.lsi.model.catering.Compra:personas]
[DEBUG] 2026-04-26 23:02:00.113 [main] SimpleValueBinder - building SimpleValue for personas
[DEBUG] 2026-04-26 23:02:00.113 [main] PropertyBinder - Building property personas
[DEBUG] 2026-04-26 23:02:00.114 [main] AnnotationBinder - Binding entity from annotated class: es.ubu.lsi.model.catering.Menu
[DEBUG] 2026-04-26 23:02:00.114 [main] QueryBinder - Binding named query: Menu.findAll => SELECT m FROM Menu m
[DEBUG] 2026-04-26 23:02:00.114 [main] Ejb3Column - Binding column: Ejb3DiscriminatorColumn{logicalColumnName'DTYPE', discriminatorTypeName='string'}
[DEBUG] 2026-04-26 23:02:00.114 [main] EntityBinder - Import with entity name Menu
[DEBUG] 2026-04-26 23:02:00.115 [main] EntityBinder - Bind entity es.ubu.lsi.model.catering.Menu on table Menu
[DEBUG] 2026-04-26 23:02:00.116 [main] Ejb3Column - Binding column: Ejb3Column{table=org.hibernate.mapping.Table(HR.Menu), mappingColumn=idmenu, insertable=true, updatable=true, unique=false}
[DEBUG] 2026-04-26 23:02:00.116 [main] PropertyBinder - MetadataSourceProcessor property idmenu with lazy=false
[DEBUG] 2026-04-26 23:02:00.116 [main] AbstractPropertyHolder - Attempting to locate auto-apply AttributeConverter for property [es.ubu.lsi.model.catering.Menu:idmenu]
[DEBUG] 2026-04-26 23:02:00.117 [main] SimpleValueBinder - building SimpleValue for idmenu
[DEBUG] 2026-04-26 23:02:00.117 [main] PropertyBinder - Building property idmenu
[DEBUG] 2026-04-26 23:02:00.117 [main] BinderHelper - #makeIdGenerator(org.hibernate.mapping.SimpleValue([org.hibernate.mapping.Column(idmenu)]), idmenu, assigned, , ...)
[DEBUG] 2026-04-26 23:02:00.118 [main] Ejb3Column - Binding column: Ejb3JoinColumn{logicalColumnName='null', referencedColumn='null', mappedBy='menu'}
[DEBUG] 2026-04-26 23:02:00.118 [main] Ejb3Column - Binding column: Ejb3Column{table=org.hibernate.mapping.Table(HR.Menu), mappingColumn=compras, insertable=true, updatable=true, unique=false}
[DEBUG] 2026-04-26 23:02:00.118 [main] Ejb3Column - Binding column: Ejb3Column{table=org.hibernate.mapping.Table(HR.Menu), mappingColumn=null, insertable=true, updatable=true, unique=false}
[DEBUG] 2026-04-26 23:02:00.119 [main] Ejb3Column - Binding column: Ejb3Column{table=org.hibernate.mapping.Table(HR.Menu), mappingColumn=element, insertable=true, updatable=true, unique=false}
[DEBUG] 2026-04-26 23:02:00.119 [main] Ejb3Column - Binding column: Ejb3Column{table=org.hibernate.mapping.Table(HR.Menu), mappingColumn=compras_KEY, insertable=true, updatable=true, unique=false}
[DEBUG] 2026-04-26 23:02:00.120 [main] Ejb3Column - Binding column: Ejb3JoinColumn{logicalColumnName='compras_KEY', referencedColumn='null', mappedBy='null'}
[DEBUG] 2026-04-26 23:02:00.120 [main] Ejb3Column - Binding column: Ejb3JoinColumn{logicalColumnName='null', referencedColumn='null', mappedBy='menu'}
[DEBUG] 2026-04-26 23:02:00.120 [main] Ejb3Column - Binding column: Ejb3JoinColumn{logicalColumnName='null', referencedColumn='null', mappedBy='menu'}
[DEBUG] 2026-04-26 23:02:00.120 [main] CollectionBinder - Collection role: es.ubu.lsi.model.catering.Menu.compras
[DEBUG] 2026-04-26 23:02:00.120 [main] PropertyBinder - Building property compras
[DEBUG] 2026-04-26 23:02:00.121 [main] Ejb3Column - Binding column: Ejb3Column{table=org.hibernate.mapping.Table(HR.Menu), mappingColumn=descripcion, insertable=true, updatable=true, unique=false}
[DEBUG] 2026-04-26 23:02:00.121 [main] PropertyBinder - MetadataSourceProcessor property descripcion with lazy=false
[DEBUG] 2026-04-26 23:02:00.121 [main] AbstractPropertyHolder - Attempting to locate auto-apply AttributeConverter for property [es.ubu.lsi.model.catering.Menu:descripcion]
[DEBUG] 2026-04-26 23:02:00.121 [main] SimpleValueBinder - building SimpleValue for descripcion
[DEBUG] 2026-04-26 23:02:00.122 [main] PropertyBinder - Building property descripcion
[DEBUG] 2026-04-26 23:02:00.122 [main] Ejb3Column - Binding column: Ejb3Column{table=org.hibernate.mapping.Table(HR.Menu), mappingColumn=precio, insertable=true, updatable=true, unique=false}
[DEBUG] 2026-04-26 23:02:00.122 [main] PropertyBinder - MetadataSourceProcessor property precio with lazy=false
[DEBUG] 2026-04-26 23:02:00.122 [main] AbstractPropertyHolder - Attempting to locate auto-apply AttributeConverter for property [es.ubu.lsi.model.catering.Menu:precio]
[DEBUG] 2026-04-26 23:02:00.123 [main] SimpleValueBinder - building SimpleValue for precio
[DEBUG] 2026-04-26 23:02:00.123 [main] PropertyBinder - Building property precio
[DEBUG] 2026-04-26 23:02:00.124 [main] SimpleValueBinder - Starting fillSimpleValue for idbonocliente
[DEBUG] 2026-04-26 23:02:00.124 [main] SimpleValueBinder - Starting fillSimpleValue for bono
[DEBUG] 2026-04-26 23:02:00.125 [main] SimpleValueBinder - Starting fillSimpleValue for descuento
[DEBUG] 2026-04-26 23:02:00.125 [main] SimpleValueBinder - Starting fillSimpleValue for cif
[DEBUG] 2026-04-26 23:02:00.125 [main] SimpleValueBinder - Starting fillSimpleValue for descripcion
[DEBUG] 2026-04-26 23:02:00.125 [main] SimpleValueBinder - Starting fillSimpleValue for ciudad
[DEBUG] 2026-04-26 23:02:00.125 [main] SimpleValueBinder - Starting fillSimpleValue for cp
[DEBUG] 2026-04-26 23:02:00.125 [main] SimpleValueBinder - Starting fillSimpleValue for direccion
[DEBUG] 2026-04-26 23:02:00.125 [main] SimpleValueBinder - Starting fillSimpleValue for cif
[DEBUG] 2026-04-26 23:02:00.125 [main] SimpleValueBinder - Starting fillSimpleValue for fecha
[DEBUG] 2026-04-26 23:02:00.125 [main] SimpleValueBinder - Starting fillSimpleValue for importe
[DEBUG] 2026-04-26 23:02:00.126 [main] SimpleValueBinder - Starting fillSimpleValue for personas
[DEBUG] 2026-04-26 23:02:00.126 [main] SimpleValueBinder - Starting fillSimpleValue for idmenu
[DEBUG] 2026-04-26 23:02:00.126 [main] SimpleValueBinder - Starting fillSimpleValue for descripcion
[DEBUG] 2026-04-26 23:02:00.126 [main] SimpleValueBinder - Starting fillSimpleValue for precio
[DEBUG] 2026-04-26 23:02:00.131 [main] PrimaryKey - Forcing column [idbonocliente] to be non-null as it is part of the primary key for table [bonocliente]
[DEBUG] 2026-04-26 23:02:00.131 [main] PrimaryKey - Forcing column [cif] to be non-null as it is part of the primary key for table [cliente]
[DEBUG] 2026-04-26 23:02:00.131 [main] PrimaryKey - Forcing column [cif] to be non-null as it is part of the primary key for table [compra]
[DEBUG] 2026-04-26 23:02:00.131 [main] PrimaryKey - Forcing column [fecha] to be non-null as it is part of the primary key for table [compra]
[DEBUG] 2026-04-26 23:02:00.131 [main] PrimaryKey - Forcing column [idmenu] to be non-null as it is part of the primary key for table [menu]
[DEBUG] 2026-04-26 23:02:00.132 [main] CollectionSecondPass - Second pass for collection: es.ubu.lsi.model.catering.BonoCliente.clientes
[DEBUG] 2026-04-26 23:02:00.132 [main] CollectionBinder - Binding a OneToMany: es.ubu.lsi.model.catering.BonoCliente.clientes through a foreign key
[DEBUG] 2026-04-26 23:02:00.132 [main] CollectionBinder - Mapping collection: es.ubu.lsi.model.catering.BonoCliente.clientes -> Cliente
[DEBUG] 2026-04-26 23:02:00.133 [main] TableBinder - Retrieving property es.ubu.lsi.model.catering.Cliente.bonoCliente
[DEBUG] 2026-04-26 23:02:00.133 [main] CollectionSecondPass - Mapped collection key: IDBONOCLIENTE, one-to-many: es.ubu.lsi.model.catering.Cliente
[DEBUG] 2026-04-26 23:02:00.133 [main] CollectionSecondPass - Second pass for collection: es.ubu.lsi.model.catering.Cliente.compras
[DEBUG] 2026-04-26 23:02:00.133 [main] CollectionBinder - Binding a OneToMany: es.ubu.lsi.model.catering.Cliente.compras through a foreign key
[DEBUG] 2026-04-26 23:02:00.134 [main] CollectionBinder - Mapping collection: es.ubu.lsi.model.catering.Cliente.compras -> Compra
[DEBUG] 2026-04-26 23:02:00.134 [main] TableBinder - Retrieving property es.ubu.lsi.model.catering.Compra.cliente
[DEBUG] 2026-04-26 23:02:00.134 [main] CollectionSecondPass - Mapped collection key: CIF, one-to-many: es.ubu.lsi.model.catering.Compra
[DEBUG] 2026-04-26 23:02:00.134 [main] CollectionSecondPass - Second pass for collection: es.ubu.lsi.model.catering.Menu.compras
[DEBUG] 2026-04-26 23:02:00.134 [main] CollectionBinder - Binding a OneToMany: es.ubu.lsi.model.catering.Menu.compras through a foreign key
[DEBUG] 2026-04-26 23:02:00.134 [main] CollectionBinder - Mapping collection: es.ubu.lsi.model.catering.Menu.compras -> Compra
[DEBUG] 2026-04-26 23:02:00.134 [main] TableBinder - Retrieving property es.ubu.lsi.model.catering.Compra.menu
[DEBUG] 2026-04-26 23:02:00.135 [main] CollectionSecondPass - Mapped collection key: IDMENU, one-to-many: es.ubu.lsi.model.catering.Compra
[DEBUG] 2026-04-26 23:02:00.135 [main] InFlightMetadataCollectorImpl - Resolving reference to class: es.ubu.lsi.model.catering.BonoCliente
[DEBUG] 2026-04-26 23:02:00.137 [main] InFlightMetadataCollectorImpl - Resolving reference to class: es.ubu.lsi.model.catering.Cliente
[DEBUG] 2026-04-26 23:02:00.138 [main] InFlightMetadataCollectorImpl - Resolving reference to class: es.ubu.lsi.model.catering.Menu
[DEBUG] 2026-04-26 23:02:00.211 [main] InFlightMetadataCollectorImpl - Resolving reference to class: es.ubu.lsi.model.catering.BonoCliente
[DEBUG] 2026-04-26 23:02:00.211 [main] InFlightMetadataCollectorImpl - Resolving reference to class: es.ubu.lsi.model.catering.Cliente
[DEBUG] 2026-04-26 23:02:00.212 [main] InFlightMetadataCollectorImpl - Resolving reference to class: es.ubu.lsi.model.catering.Menu
[DEBUG] 2026-04-26 23:02:00.213 [main] ClassLoaderAccessImpl - Not known whether passed class name [es.ubu.lsi.model.catering.Compra] is safe
[DEBUG] 2026-04-26 23:02:00.213 [main] ClassLoaderAccessImpl - No temp ClassLoader provided; using live ClassLoader for loading potentially unsafe class : es.ubu.lsi.model.catering.Compra
[DEBUG] 2026-04-26 23:02:00.269 [main] SessionFactoryImpl - Building session factory
[DEBUG] 2026-04-26 23:02:00.271 [main] Settings - SessionFactory name : null
[DEBUG] 2026-04-26 23:02:00.271 [main] Settings - Automatic flush during beforeCompletion(): enabled
[DEBUG] 2026-04-26 23:02:00.271 [main] Settings - Automatic session close at end of transaction: disabled
[DEBUG] 2026-04-26 23:02:00.272 [main] Settings - Statistics: disabled
[DEBUG] 2026-04-26 23:02:00.272 [main] Settings - Deleted entity synthetic identifier rollback: disabled
[DEBUG] 2026-04-26 23:02:00.272 [main] Settings - Default entity-mode: pojo
[DEBUG] 2026-04-26 23:02:00.272 [main] Settings - Check Nullability in Core (should be disabled when Bean Validation is on): enabled
[DEBUG] 2026-04-26 23:02:00.272 [main] Settings - Allow initialization of lazy state outside session : disabled
[DEBUG] 2026-04-26 23:02:00.272 [main] Settings - Using BatchFetchStyle : LEGACY
[DEBUG] 2026-04-26 23:02:00.272 [main] Settings - Default batch fetch size: -1
[DEBUG] 2026-04-26 23:02:00.272 [main] Settings - Maximum outer join fetch depth: null
[DEBUG] 2026-04-26 23:02:00.272 [main] Settings - Default null ordering: NONE
[DEBUG] 2026-04-26 23:02:00.272 [main] Settings - Order SQL updates by primary key: disabled
[DEBUG] 2026-04-26 23:02:00.272 [main] Settings - Order SQL inserts for batching: disabled
[DEBUG] 2026-04-26 23:02:00.273 [main] Settings - multi-tenancy strategy : NONE
[DEBUG] 2026-04-26 23:02:00.273 [main] Settings - JTA Track by Thread: enabled
[DEBUG] 2026-04-26 23:02:00.273 [main] Settings - Query language substitutions: {}
[DEBUG] 2026-04-26 23:02:00.273 [main] Settings - Named query checking : enabled
[DEBUG] 2026-04-26 23:02:00.273 [main] Settings - Second-level cache: disabled
[DEBUG] 2026-04-26 23:02:00.273 [main] Settings - Second-level query cache: disabled
[DEBUG] 2026-04-26 23:02:00.273 [main] Settings - Second-level query cache factory: null
[DEBUG] 2026-04-26 23:02:00.273 [main] Settings - Second-level cache region prefix: null
[DEBUG] 2026-04-26 23:02:00.273 [main] Settings - Optimize second-level cache for minimal puts: disabled
[DEBUG] 2026-04-26 23:02:00.273 [main] Settings - Structured second-level cache entries: disabled
[DEBUG] 2026-04-26 23:02:00.273 [main] Settings - Second-level cache direct-reference entries: disabled
[DEBUG] 2026-04-26 23:02:00.274 [main] Settings - Automatic eviction of collection cache: disabled
[DEBUG] 2026-04-26 23:02:00.274 [main] Settings - JDBC batch size: 15
[DEBUG] 2026-04-26 23:02:00.274 [main] Settings - JDBC batch updates for versioned data: disabled
[DEBUG] 2026-04-26 23:02:00.274 [main] Settings - Scrollable result sets: enabled
[DEBUG] 2026-04-26 23:02:00.274 [main] Settings - Wrap result sets: disabled
[DEBUG] 2026-04-26 23:02:00.274 [main] Settings - JDBC3 getGeneratedKeys(): disabled
[DEBUG] 2026-04-26 23:02:00.274 [main] Settings - JDBC result set fetch size: null
[DEBUG] 2026-04-26 23:02:00.275 [main] Settings - Connection release mode: AFTER_TRANSACTION
[DEBUG] 2026-04-26 23:02:00.275 [main] Settings - Generate SQL with comments: disabled
[DEBUG] 2026-04-26 23:02:00.275 [main] Settings - JPA compliance - query : disabled
[DEBUG] 2026-04-26 23:02:00.275 [main] Settings - JPA compliance - closed-handling : disabled
[DEBUG] 2026-04-26 23:02:00.275 [main] Settings - JPA compliance - lists : disabled
[DEBUG] 2026-04-26 23:02:00.275 [main] Settings - JPA compliance - transactions : disabled
[DEBUG] 2026-04-26 23:02:00.337 [main] SessionFactoryImpl - Session factory constructed with filter configurations : {}
[DEBUG] 2026-04-26 23:02:00.337 [main] SessionFactoryImpl - Instantiating session factory with properties: {awt.toolkit=sun.awt.X11.XToolkit, hibernate.format_sql=false, java.specification.version=11, sun.cpu.isalist=, sun.jnu.encoding=UTF-8, hibernate.dialect=org.hibernate.dialect.Oracle10gDialect, java.class.path=/home/alumno/eclipse-workspace/Gestion_Catering_1C/build/classes:/home/alumno/eclipse-workspace/user_lib_JPA/lib/Hibernate/required/antlr-2.7.7.jar:/home/alumno/eclipse-workspace/user_lib_JPA/lib/Hibernate/required/classmate-1.5.1.jar:/home/alumno/eclipse-workspace/user_lib_JPA/lib/Hibernate/required/dom4j-2.1.1.jar:/home/alumno/eclipse-workspace/user_lib_JPA/lib/Hibernate/required/FastInfoset-1.2.15.jar:/home/alumno/eclipse-workspace/user_lib_JPA/lib/Hibernate/required/hibernate-commons-annotations-5.1.0.Final.jar:/home/alumno/eclipse-workspace/user_lib_JPA/lib/Hibernate/required/hibernate-jpa-2.1-api-1.0.0.Final.jar:/home/alumno/eclipse-workspace/user_lib_JPA/lib/Hibernate/required/istack-commons-runtime-3.0.7.jar:/home/alumno/eclipse-workspace/user_lib_JPA/lib/Hibernate/required/jandex-2.1.1.Final.jar:/home/alumno/eclipse-workspace/user_lib_JPA/lib/Hibernate/required/javassist-3.24.0-GA.jar:/home/alumno/eclipse-workspace/user_lib_JPA/lib/Hibernate/required/javax.activation-api-1.2.0.jar:/home/alumno/eclipse-workspace/user_lib_JPA/lib/Hibernate/required/javax.persistence-api-2.2.jar:/home/alumno/eclipse-workspace/user_lib_JPA/lib/Hibernate/required/jaxb-api-2.3.1.jar:/home/alumno/eclipse-workspace/user_lib_JPA/lib/Hibernate/required/jaxb-runtime-2.3.1.jar:/home/alumno/eclipse-workspace/user_lib_JPA/lib/Hibernate/required/jboss-logging-3.3.2.Final.jar:/home/alumno/eclipse-workspace/user_lib_JPA/lib/Hibernate/required/jboss-transaction-api_1.2_spec-1.1.1.Final.jar:/home/alumno/eclipse-workspace/user_lib_JPA/lib/Hibernate/required/stax-ex-1.8.jar:/home/alumno/eclipse-workspace/user_lib_JPA/lib/Hibernate/required/txw2-2.3.1.jar:/home/alumno/eclipse-workspace/user_lib_JPA/lib/Hibernate/required/javax.annotation-api-1.3.2.jar:/home/alumno/eclipse-workspace/user_lib_JPA/lib/Hibernate/envers/hibernate-envers-5.4.13.Final.jar:/home/alumno/eclipse-workspace/user_lib_JPA/lib/Hibernate/jpa-metamodel-generator/hibernate-jpamodelgen-5.4.13.Final.jar:/home/alumno/eclipse-workspace/user_lib_JPA/lib/Hibernate/required/byte-buddy-1.10.7.jar:/home/alumno/eclipse-workspace/user_lib_JPA/lib/Hibernate/required/hibernate-core-5.4.13.Final.jar:/home/alumno/eclipse-workspace/user_lib_JPA/lib/FileSystemContext/fscontext-4.6-b01.jar:/home/alumno/eclipse-workspace/user_lib_JPA/lib/Oracle/ojdbc6.jar:/home/alumno/eclipse-workspace/user_lib_JPA/lib/Oracle/ucp.jar:/home/alumno/eclipse-workspace/user_lib_JPA/lib/SLF4J/log4j-api-2.13.1.jar:/home/alumno/eclipse-workspace/user_lib_JPA/lib/SLF4J/log4j-core-2.13.1.jar:/home/alumno/eclipse-workspace/user_lib_JPA/lib/SLF4J/log4j-slf4j-impl-2.13.1.jar:/home/alumno/eclipse-workspace/user_lib_JPA/lib/SLF4J/slf4j-api-1.7.30.jar, java.vm.vendor=Ubuntu, sun.arch.data.model=64, java.vendor.url=https://ubuntu.com/, user.timezone=Europe/Madrid, javax.persistence.jdbc.user=****, javax.persistence.jdbc.url=jdbc:oracle:thin:@localhost:1521:XE, hibernate.connection.autocommit=false, os.name=Linux, java.vm.specification.version=11, hibernate.generate_statistics=false, sun.java.launcher=SUN_STANDARD, user.country=ES, local.setting.IS_JTA_TXN_COORD=false, sun.boot.library.path=/usr/lib/jvm/java-11-openjdk-amd64/lib, sun.java.command=es.ubu.lsi.test.TestClient, hibernate.use_sql_comments=false, jdk.debug=release, sun.cpu.endian=little, user.home=/home/alumno, user.language=es, java.specification.vendor=Oracle Corporation, java.version.date=2026-01-20, java.home=/usr/lib/jvm/java-11-openjdk-amd64, file.separator=/, java.vm.compressedOopsMode=32-bit, line.separator=
, java.specification.name=Java Platform API Specification, java.vm.specification.vendor=Oracle Corporation, hibernate.transaction.coordinator_class=class org.hibernate.resource.transaction.backend.jdbc.internal.JdbcResourceLocalTransactionCoordinatorBuilderImpl, java.awt.graphicsenv=sun.awt.X11GraphicsEnvironment, javax.persistence.jdbc.driver=oracle.jdbc.driver.OracleDriver, sun.management.compiler=HotSpot 64-Bit Tiered Compilers, java.runtime.version=11.0.30+7-post-Ubuntu-1ubuntu122.04, user.name=alumno, stdout.encoding=UTF-8, path.separator=:, hibernate.connection.username=****, os.version=5.15.0-173-generic, java.runtime.name=OpenJDK Runtime Environment, hibernate.connection.url=jdbc:oracle:thin:@localhost:1521:XE, file.encoding=UTF-8, hibernate.ejb.persistenceUnitName=Catering, java.vm.name=OpenJDK 64-Bit Server VM, hibernate.show_sql=false, hibernate.connection.driver_class=oracle.jdbc.driver.OracleDriver, java.vendor.url.bug=https://bugs.launchpad.net/ubuntu/+source/openjdk-lts, java.io.tmpdir=/tmp, java.version=11.0.30, user.dir=/home/alumno/eclipse-workspace/Gestion_Catering_1C, os.arch=amd64, java.vm.specification.name=Java Virtual Machine Specification, hibernate.default_schema=HR, java.awt.printerjob=sun.print.PSPrinterJob, hibernate.connection.password=****, sun.os.patch.level=unknown, hibernate.boot.CfgXmlAccessService.key=org.hibernate.boot.registry.StandardServiceRegistryBuilder$1@3dfa819, java.library.path=/usr/java/packages/lib:/usr/lib/x86_64-linux-gnu/jni:/lib/x86_64-linux-gnu:/usr/lib/x86_64-linux-gnu:/usr/lib/jni:/lib:/usr/lib, stderr.encoding=UTF-8, java.vendor=Ubuntu, java.vm.info=mixed mode, sharing, java.vm.version=11.0.30+7-post-Ubuntu-1ubuntu122.04, java.specification.maintenance.version=3, hibernate.bytecode.use_reflection_optimizer=false, sun.io.unicode.encoding=UnicodeLittle, hibernate.connection.pool_size=5, javax.persistence.jdbc.password=****, java.class.version=55.0}
[DEBUG] 2026-04-26 23:02:00.349 [main] JaccIntegrator - Skipping JACC integration as it was not enabled
[DEBUG] 2026-04-26 23:02:00.349 [main] EnversIntegrator - Skipping Envers listener registrations : No audited entities found
[DEBUG] 2026-04-26 23:02:00.350 [main] SessionFactoryImpl - Instantiated session factory
[DEBUG] 2026-04-26 23:02:00.351 [main] TypeConfiguration - Scoping TypeConfiguration [org.hibernate.type.spi.TypeConfiguration@749ab7b4] to SessionFactoryImpl [org.hibernate.internal.SessionFactoryImpl@22eaa86e]
[DEBUG] 2026-04-26 23:02:00.389 [main] ClassLoaderAccessImpl - Not known whether passed class name [es.ubu.lsi.model.catering.BonoCliente] is safe
[DEBUG] 2026-04-26 23:02:00.389 [main] ClassLoaderAccessImpl - No temp ClassLoader provided; using live ClassLoader for loading potentially unsafe class : es.ubu.lsi.model.catering.BonoCliente
[DEBUG] 2026-04-26 23:02:00.396 [main] ClassLoaderAccessImpl - Not known whether passed class name [es.ubu.lsi.model.catering.BonoCliente] is safe
[DEBUG] 2026-04-26 23:02:00.397 [main] ClassLoaderAccessImpl - No temp ClassLoader provided; using live ClassLoader for loading potentially unsafe class : es.ubu.lsi.model.catering.BonoCliente
[DEBUG] 2026-04-26 23:02:00.617 [main] ClassLoaderAccessImpl - Not known whether passed class name [es.ubu.lsi.model.catering.Cliente] is safe
[DEBUG] 2026-04-26 23:02:00.618 [main] ClassLoaderAccessImpl - No temp ClassLoader provided; using live ClassLoader for loading potentially unsafe class : es.ubu.lsi.model.catering.Cliente
[DEBUG] 2026-04-26 23:02:00.620 [main] ClassLoaderAccessImpl - Not known whether passed class name [es.ubu.lsi.model.catering.Cliente] is safe
[DEBUG] 2026-04-26 23:02:00.620 [main] ClassLoaderAccessImpl - No temp ClassLoader provided; using live ClassLoader for loading potentially unsafe class : es.ubu.lsi.model.catering.Cliente
[DEBUG] 2026-04-26 23:02:00.648 [main] ClassLoaderAccessImpl - Not known whether passed class name [es.ubu.lsi.model.catering.Compra] is safe
[DEBUG] 2026-04-26 23:02:00.648 [main] ClassLoaderAccessImpl - No temp ClassLoader provided; using live ClassLoader for loading potentially unsafe class : es.ubu.lsi.model.catering.Compra
[DEBUG] 2026-04-26 23:02:00.672 [main] ClassLoaderAccessImpl - Not known whether passed class name [es.ubu.lsi.model.catering.Menu] is safe
[DEBUG] 2026-04-26 23:02:00.672 [main] ClassLoaderAccessImpl - No temp ClassLoader provided; using live ClassLoader for loading potentially unsafe class : es.ubu.lsi.model.catering.Menu
[DEBUG] 2026-04-26 23:02:00.672 [main] ClassLoaderAccessImpl - Not known whether passed class name [es.ubu.lsi.model.catering.Menu] is safe
[DEBUG] 2026-04-26 23:02:00.672 [main] ClassLoaderAccessImpl - No temp ClassLoader provided; using live ClassLoader for loading potentially unsafe class : es.ubu.lsi.model.catering.Menu
[DEBUG] 2026-04-26 23:02:00.700 [main] AbstractCollectionPersister - Static SQL for collection: es.ubu.lsi.model.catering.BonoCliente.clientes
[DEBUG] 2026-04-26 23:02:00.700 [main] AbstractCollectionPersister -  Row insert: update HR.Cliente set IDBONOCLIENTE=? where cif=?
[DEBUG] 2026-04-26 23:02:00.700 [main] AbstractCollectionPersister -  Row update: update HR.Cliente set  where cif=?
[DEBUG] 2026-04-26 23:02:00.700 [main] AbstractCollectionPersister -  Row delete: update HR.Cliente set IDBONOCLIENTE=null where IDBONOCLIENTE=? and cif=?
[DEBUG] 2026-04-26 23:02:00.700 [main] AbstractCollectionPersister -  One-shot delete: update HR.Cliente set IDBONOCLIENTE=null where IDBONOCLIENTE=?
[DEBUG] 2026-04-26 23:02:00.701 [main] AbstractCollectionPersister - Static SQL for collection: es.ubu.lsi.model.catering.Menu.compras
[DEBUG] 2026-04-26 23:02:00.701 [main] AbstractCollectionPersister -  Row insert: update HR.Compra set IDMENU=? where cif=? and fecha=?
[DEBUG] 2026-04-26 23:02:00.701 [main] AbstractCollectionPersister -  Row update: update HR.Compra set  where cif=? and fecha=?
[DEBUG] 2026-04-26 23:02:00.701 [main] AbstractCollectionPersister -  Row delete: update HR.Compra set IDMENU=null where IDMENU=? and cif=? and fecha=?
[DEBUG] 2026-04-26 23:02:00.701 [main] AbstractCollectionPersister -  One-shot delete: update HR.Compra set IDMENU=null where IDMENU=?
[DEBUG] 2026-04-26 23:02:00.701 [main] AbstractCollectionPersister - Static SQL for collection: es.ubu.lsi.model.catering.Cliente.compras
[DEBUG] 2026-04-26 23:02:00.701 [main] AbstractCollectionPersister -  Row insert: update HR.Compra set CIF=? where cif=? and fecha=?
[DEBUG] 2026-04-26 23:02:00.701 [main] AbstractCollectionPersister -  Row update: update HR.Compra set  where cif=? and fecha=?
[DEBUG] 2026-04-26 23:02:00.701 [main] AbstractCollectionPersister -  Row delete: update HR.Compra set CIF=null where CIF=? and cif=? and fecha=?
[DEBUG] 2026-04-26 23:02:00.702 [main] AbstractCollectionPersister -  One-shot delete: update HR.Compra set CIF=null where CIF=?
[DEBUG] 2026-04-26 23:02:00.705 [main] AbstractEntityPersister - Static SQL for entity: es.ubu.lsi.model.catering.BonoCliente
[DEBUG] 2026-04-26 23:02:00.706 [main] AbstractEntityPersister -  Version select: select idbonocliente from HR.BonoCliente where idbonocliente =?
[DEBUG] 2026-04-26 23:02:00.706 [main] AbstractEntityPersister -  Snapshot select: select bonoclient_.idbonocliente, bonoclient_.bono as bono2_0_, bonoclient_.descuento as descuento3_0_ from HR.BonoCliente bonoclient_ where bonoclient_.idbonocliente=?
[DEBUG] 2026-04-26 23:02:00.706 [main] DelegatingBasicLogger -  Insert 0: insert into HR.BonoCliente (bono, descuento, idbonocliente) values (?, ?, ?)
[DEBUG] 2026-04-26 23:02:00.706 [main] DelegatingBasicLogger -  Update 0: update HR.BonoCliente set bono=?, descuento=? where idbonocliente=?
[DEBUG] 2026-04-26 23:02:00.706 [main] DelegatingBasicLogger -  Delete 0: delete from HR.BonoCliente where idbonocliente=?
[DEBUG] 2026-04-26 23:02:00.723 [main] QuerySpacesImpl - Adding QuerySpace : uid = <gen:0> -> org.hibernate.loader.plan.build.internal.spaces.EntityQuerySpaceImpl@4e224df5]
[DEBUG] 2026-04-26 23:02:00.724 [main] MetamodelGraphWalker - Visiting attribute path : bono
[DEBUG] 2026-04-26 23:02:00.725 [main] MetamodelGraphWalker - Visiting attribute path : clientes
[DEBUG] 2026-04-26 23:02:00.728 [main] QuerySpacesImpl - Adding QuerySpace : uid = <gen:1> -> org.hibernate.loader.plan.build.internal.spaces.CollectionQuerySpaceImpl@62f11ebb]
[DEBUG] 2026-04-26 23:02:00.729 [main] QuerySpacesImpl - Adding QuerySpace : uid = <gen:2> -> org.hibernate.loader.plan.build.internal.spaces.EntityQuerySpaceImpl@39c85c1a]
[DEBUG] 2026-04-26 23:02:00.729 [main] MetamodelGraphWalker - Visiting attribute path : descuento
[DEBUG] 2026-04-26 23:02:00.730 [main] FetchStyleLoadPlanBuildingAssociationVisitationStrategy - Building LoadPlan...
[DEBUG] 2026-04-26 23:02:00.740 [main] LoadQueryJoinAndFetchProcessor - processing queryspace <gen:0>
[DEBUG] 2026-04-26 23:02:00.744 [main] LoadPlanTreePrinter - LoadPlan(entity=es.ubu.lsi.model.catering.BonoCliente)
    - Returns
       - EntityReturnImpl(entity=es.ubu.lsi.model.catering.BonoCliente, querySpaceUid=<gen:0>, path=es.ubu.lsi.model.catering.BonoCliente)
          - CollectionAttributeFetchImpl(collection=es.ubu.lsi.model.catering.BonoCliente.clientes, querySpaceUid=<gen:1>, path=es.ubu.lsi.model.catering.BonoCliente.clientes)
             - (collection element) CollectionFetchableElementEntityGraph(entity=es.ubu.lsi.model.catering.Cliente, querySpaceUid=<gen:2>, path=es.ubu.lsi.model.catering.BonoCliente.clientes.<elements>)
    - QuerySpaces
       - EntityQuerySpaceImpl(uid=<gen:0>, entity=es.ubu.lsi.model.catering.BonoCliente)
          - SQL table alias mapping - bonoclient0_
          - alias suffix - 0_
          - suffixed key columns - {idbonocliente1_0_0_}

[DEBUG] 2026-04-26 23:02:00.746 [main] EntityLoader - Static select for entity es.ubu.lsi.model.catering.BonoCliente [NONE]: select bonoclient0_.idbonocliente as idbonocliente1_0_0_, bonoclient0_.bono as bono2_0_0_, bonoclient0_.descuento as descuento3_0_0_ from HR.BonoCliente bonoclient0_ where bonoclient0_.idbonocliente=?
[DEBUG] 2026-04-26 23:02:00.746 [main] QuerySpacesImpl - Adding QuerySpace : uid = <gen:0> -> org.hibernate.loader.plan.build.internal.spaces.EntityQuerySpaceImpl@2e1b374c]
[DEBUG] 2026-04-26 23:02:00.747 [main] MetamodelGraphWalker - Visiting attribute path : bono
[DEBUG] 2026-04-26 23:02:00.747 [main] MetamodelGraphWalker - Visiting attribute path : clientes
[DEBUG] 2026-04-26 23:02:00.747 [main] QuerySpacesImpl - Adding QuerySpace : uid = <gen:1> -> org.hibernate.loader.plan.build.internal.spaces.CollectionQuerySpaceImpl@9c93d16]
[DEBUG] 2026-04-26 23:02:00.747 [main] QuerySpacesImpl - Adding QuerySpace : uid = <gen:2> -> org.hibernate.loader.plan.build.internal.spaces.EntityQuerySpaceImpl@760487aa]
[DEBUG] 2026-04-26 23:02:00.747 [main] MetamodelGraphWalker - Visiting attribute path : descuento
[DEBUG] 2026-04-26 23:02:00.748 [main] FetchStyleLoadPlanBuildingAssociationVisitationStrategy - Building LoadPlan...
[DEBUG] 2026-04-26 23:02:00.748 [main] LoadQueryJoinAndFetchProcessor - processing queryspace <gen:0>
[DEBUG] 2026-04-26 23:02:00.748 [main] LoadPlanTreePrinter - LoadPlan(entity=es.ubu.lsi.model.catering.BonoCliente)
    - Returns
       - EntityReturnImpl(entity=es.ubu.lsi.model.catering.BonoCliente, querySpaceUid=<gen:0>, path=es.ubu.lsi.model.catering.BonoCliente)
          - CollectionAttributeFetchImpl(collection=es.ubu.lsi.model.catering.BonoCliente.clientes, querySpaceUid=<gen:1>, path=es.ubu.lsi.model.catering.BonoCliente.clientes)
             - (collection element) CollectionFetchableElementEntityGraph(entity=es.ubu.lsi.model.catering.Cliente, querySpaceUid=<gen:2>, path=es.ubu.lsi.model.catering.BonoCliente.clientes.<elements>)
    - QuerySpaces
       - EntityQuerySpaceImpl(uid=<gen:0>, entity=es.ubu.lsi.model.catering.BonoCliente)
          - SQL table alias mapping - bonoclient0_
          - alias suffix - 0_
          - suffixed key columns - {idbonocliente1_0_0_}

[DEBUG] 2026-04-26 23:02:00.749 [main] EntityLoader - Static select for entity es.ubu.lsi.model.catering.BonoCliente [READ]: select bonoclient0_.idbonocliente as idbonocliente1_0_0_, bonoclient0_.bono as bono2_0_0_, bonoclient0_.descuento as descuento3_0_0_ from HR.BonoCliente bonoclient0_ where bonoclient0_.idbonocliente=?
[DEBUG] 2026-04-26 23:02:00.760 [main] CascadeEntityLoader - Static select for action ACTION_MERGE on entity es.ubu.lsi.model.catering.BonoCliente: select bonoclient0_.idbonocliente as idbonocliente1_0_0_, bonoclient0_.bono as bono2_0_0_, bonoclient0_.descuento as descuento3_0_0_ from HR.BonoCliente bonoclient0_ where bonoclient0_.idbonocliente=?
[DEBUG] 2026-04-26 23:02:00.760 [main] CascadeEntityLoader - Static select for action ACTION_REFRESH on entity es.ubu.lsi.model.catering.BonoCliente: select bonoclient0_.idbonocliente as idbonocliente1_0_0_, bonoclient0_.bono as bono2_0_0_, bonoclient0_.descuento as descuento3_0_0_ from HR.BonoCliente bonoclient0_ where bonoclient0_.idbonocliente=?
[DEBUG] 2026-04-26 23:02:00.761 [main] AbstractEntityPersister - Static SQL for entity: es.ubu.lsi.model.catering.Cliente
[DEBUG] 2026-04-26 23:02:00.761 [main] AbstractEntityPersister -  Version select: select cif from HR.Cliente where cif =?
[DEBUG] 2026-04-26 23:02:00.761 [main] AbstractEntityPersister -  Snapshot select: select cliente_.cif, cliente_.IDBONOCLIENTE as idbonocliente6_1_, cliente_.descripcion as descripcion2_1_, cliente_.ciudad as ciudad3_1_, cliente_.cp as cp4_1_, cliente_.direccion as direccion5_1_ from HR.Cliente cliente_ where cliente_.cif=?
[DEBUG] 2026-04-26 23:02:00.761 [main] DelegatingBasicLogger -  Insert 0: insert into HR.Cliente (IDBONOCLIENTE, descripcion, ciudad, cp, direccion, cif) values (?, ?, ?, ?, ?, ?)
[DEBUG] 2026-04-26 23:02:00.761 [main] DelegatingBasicLogger -  Update 0: update HR.Cliente set IDBONOCLIENTE=?, descripcion=?, ciudad=?, cp=?, direccion=? where cif=?
[DEBUG] 2026-04-26 23:02:00.761 [main] DelegatingBasicLogger -  Delete 0: delete from HR.Cliente where cif=?
[DEBUG] 2026-04-26 23:02:00.761 [main] QuerySpacesImpl - Adding QuerySpace : uid = <gen:0> -> org.hibernate.loader.plan.build.internal.spaces.EntityQuerySpaceImpl@460b50df]
[DEBUG] 2026-04-26 23:02:00.762 [main] MetamodelGraphWalker - Visiting attribute path : bonoCliente
[DEBUG] 2026-04-26 23:02:00.762 [main] QuerySpacesImpl - Adding QuerySpace : uid = <gen:1> -> org.hibernate.loader.plan.build.internal.spaces.EntityQuerySpaceImpl@1d0cac30]
[DEBUG] 2026-04-26 23:02:00.764 [main] MetamodelGraphWalker - Visiting attribute path : bonoCliente.bono
[DEBUG] 2026-04-26 23:02:00.764 [main] MetamodelGraphWalker - Visiting attribute path : bonoCliente.clientes
[DEBUG] 2026-04-26 23:02:00.764 [main] MetamodelGraphWalker - Property path deemed to be circular : bonoCliente.clientes
[DEBUG] 2026-04-26 23:02:00.764 [main] MetamodelGraphWalker - Visiting attribute path : bonoCliente.descuento
[DEBUG] 2026-04-26 23:02:00.765 [main] MetamodelGraphWalker - Visiting attribute path : compras
[DEBUG] 2026-04-26 23:02:00.765 [main] QuerySpacesImpl - Adding QuerySpace : uid = <gen:2> -> org.hibernate.loader.plan.build.internal.spaces.CollectionQuerySpaceImpl@7fad214a]
[DEBUG] 2026-04-26 23:02:00.765 [main] QuerySpacesImpl - Adding QuerySpace : uid = <gen:3> -> org.hibernate.loader.plan.build.internal.spaces.EntityQuerySpaceImpl@164642a4]
[DEBUG] 2026-04-26 23:02:00.766 [main] QuerySpacesImpl - Adding QuerySpace : uid = <gen:3>-id -> org.hibernate.loader.plan.build.internal.spaces.CompositeQuerySpaceImpl@16132f21]
[DEBUG] 2026-04-26 23:02:00.767 [main] MetamodelGraphWalker - Visiting attribute path : descripcion
[DEBUG] 2026-04-26 23:02:00.767 [main] MetamodelGraphWalker - Visiting attribute path : direccionPostal
[DEBUG] 2026-04-26 23:02:00.767 [main] QuerySpacesImpl - Adding QuerySpace : uid = <gen:4> -> org.hibernate.loader.plan.build.internal.spaces.CompositeQuerySpaceImpl@1ff15a50]
[DEBUG] 2026-04-26 23:02:00.769 [main] MetamodelGraphWalker - Visiting attribute path : direccionPostal.ciudad
[DEBUG] 2026-04-26 23:02:00.770 [main] MetamodelGraphWalker - Visiting attribute path : direccionPostal.cp
[DEBUG] 2026-04-26 23:02:00.770 [main] MetamodelGraphWalker - Visiting attribute path : direccionPostal.direccion
[DEBUG] 2026-04-26 23:02:00.771 [main] FetchStyleLoadPlanBuildingAssociationVisitationStrategy - Building LoadPlan...
[DEBUG] 2026-04-26 23:02:00.771 [main] LoadQueryJoinAndFetchProcessor - processing queryspace <gen:0>
[DEBUG] 2026-04-26 23:02:00.772 [main] LoadPlanTreePrinter - LoadPlan(entity=es.ubu.lsi.model.catering.Cliente)
    - Returns
       - EntityReturnImpl(entity=es.ubu.lsi.model.catering.Cliente, querySpaceUid=<gen:0>, path=es.ubu.lsi.model.catering.Cliente)
          - EntityAttributeFetchImpl(entity=es.ubu.lsi.model.catering.BonoCliente, querySpaceUid=<gen:1>, path=es.ubu.lsi.model.catering.Cliente.bonoCliente)
          - CollectionAttributeFetchImpl(collection=es.ubu.lsi.model.catering.Cliente.compras, querySpaceUid=<gen:2>, path=es.ubu.lsi.model.catering.Cliente.compras)
             - (collection element) CollectionFetchableElementEntityGraph(entity=es.ubu.lsi.model.catering.Compra, querySpaceUid=<gen:3>, path=es.ubu.lsi.model.catering.Cliente.compras.<elements>)
          - CompositeAttributeFetchImpl(composite=es.ubu.lsi.model.catering.DireccionPostal, querySpaceUid=<gen:4>, path=es.ubu.lsi.model.catering.Cliente.direccionPostal)
    - QuerySpaces
       - EntityQuerySpaceImpl(uid=<gen:0>, entity=es.ubu.lsi.model.catering.Cliente)
          - SQL table alias mapping - cliente0_
          - alias suffix - 0_
          - suffixed key columns - {cif1_1_0_}
          - JOIN (JoinDefinedByMetadata(bonoCliente)) : <gen:0> -> <gen:1>
             - EntityQuerySpaceImpl(uid=<gen:1>, entity=es.ubu.lsi.model.catering.BonoCliente)
                - SQL table alias mapping - bonoclient1_
                - alias suffix - 1_
                - suffixed key columns - {idbonocliente1_0_1_}
          - JOIN (JoinDefinedByMetadata(direccionPostal)) : <gen:0> -> <gen:4>
             - CompositeQuerySpaceImpl(uid=<gen:4>)
                - SQL table alias mapping - cliente0_

[DEBUG] 2026-04-26 23:02:00.773 [main] EntityLoader - Static select for entity es.ubu.lsi.model.catering.Cliente [NONE]: select cliente0_.cif as cif1_1_0_, cliente0_.IDBONOCLIENTE as idbonocliente6_1_0_, cliente0_.descripcion as descripcion2_1_0_, cliente0_.ciudad as ciudad3_1_0_, cliente0_.cp as cp4_1_0_, cliente0_.direccion as direccion5_1_0_, bonoclient1_.idbonocliente as idbonocliente1_0_1_, bonoclient1_.bono as bono2_0_1_, bonoclient1_.descuento as descuento3_0_1_ from HR.Cliente cliente0_ left outer join HR.BonoCliente bonoclient1_ on cliente0_.IDBONOCLIENTE=bonoclient1_.idbonocliente where cliente0_.cif=?
[DEBUG] 2026-04-26 23:02:00.773 [main] QuerySpacesImpl - Adding QuerySpace : uid = <gen:0> -> org.hibernate.loader.plan.build.internal.spaces.EntityQuerySpaceImpl@49e2b3c5]
[DEBUG] 2026-04-26 23:02:00.773 [main] MetamodelGraphWalker - Visiting attribute path : bonoCliente
[DEBUG] 2026-04-26 23:02:00.774 [main] QuerySpacesImpl - Adding QuerySpace : uid = <gen:1> -> org.hibernate.loader.plan.build.internal.spaces.EntityQuerySpaceImpl@49f3ff41]
[DEBUG] 2026-04-26 23:02:00.774 [main] MetamodelGraphWalker - Visiting attribute path : bonoCliente.bono
[DEBUG] 2026-04-26 23:02:00.774 [main] MetamodelGraphWalker - Visiting attribute path : bonoCliente.clientes
[DEBUG] 2026-04-26 23:02:00.774 [main] MetamodelGraphWalker - Property path deemed to be circular : bonoCliente.clientes
[DEBUG] 2026-04-26 23:02:00.774 [main] MetamodelGraphWalker - Visiting attribute path : bonoCliente.descuento
[DEBUG] 2026-04-26 23:02:00.775 [main] MetamodelGraphWalker - Visiting attribute path : compras
[DEBUG] 2026-04-26 23:02:00.775 [main] QuerySpacesImpl - Adding QuerySpace : uid = <gen:2> -> org.hibernate.loader.plan.build.internal.spaces.CollectionQuerySpaceImpl@30db5536]
[DEBUG] 2026-04-26 23:02:00.775 [main] QuerySpacesImpl - Adding QuerySpace : uid = <gen:3> -> org.hibernate.loader.plan.build.internal.spaces.EntityQuerySpaceImpl@45b32dfe]
[DEBUG] 2026-04-26 23:02:00.775 [main] QuerySpacesImpl - Adding QuerySpace : uid = <gen:3>-id -> org.hibernate.loader.plan.build.internal.spaces.CompositeQuerySpaceImpl@136ccbfe]
[DEBUG] 2026-04-26 23:02:00.775 [main] MetamodelGraphWalker - Visiting attribute path : descripcion
[DEBUG] 2026-04-26 23:02:00.776 [main] MetamodelGraphWalker - Visiting attribute path : direccionPostal
[DEBUG] 2026-04-26 23:02:00.776 [main] QuerySpacesImpl - Adding QuerySpace : uid = <gen:4> -> org.hibernate.loader.plan.build.internal.spaces.CompositeQuerySpaceImpl@22d9ca63]
[DEBUG] 2026-04-26 23:02:00.776 [main] MetamodelGraphWalker - Visiting attribute path : direccionPostal.ciudad
[DEBUG] 2026-04-26 23:02:00.776 [main] MetamodelGraphWalker - Visiting attribute path : direccionPostal.cp
[DEBUG] 2026-04-26 23:02:00.777 [main] MetamodelGraphWalker - Visiting attribute path : direccionPostal.direccion
[DEBUG] 2026-04-26 23:02:00.777 [main] FetchStyleLoadPlanBuildingAssociationVisitationStrategy - Building LoadPlan...
[DEBUG] 2026-04-26 23:02:00.777 [main] LoadQueryJoinAndFetchProcessor - processing queryspace <gen:0>
[DEBUG] 2026-04-26 23:02:00.778 [main] LoadPlanTreePrinter - LoadPlan(entity=es.ubu.lsi.model.catering.Cliente)
    - Returns
       - EntityReturnImpl(entity=es.ubu.lsi.model.catering.Cliente, querySpaceUid=<gen:0>, path=es.ubu.lsi.model.catering.Cliente)
          - EntityAttributeFetchImpl(entity=es.ubu.lsi.model.catering.BonoCliente, querySpaceUid=<gen:1>, path=es.ubu.lsi.model.catering.Cliente.bonoCliente)
          - CollectionAttributeFetchImpl(collection=es.ubu.lsi.model.catering.Cliente.compras, querySpaceUid=<gen:2>, path=es.ubu.lsi.model.catering.Cliente.compras)
             - (collection element) CollectionFetchableElementEntityGraph(entity=es.ubu.lsi.model.catering.Compra, querySpaceUid=<gen:3>, path=es.ubu.lsi.model.catering.Cliente.compras.<elements>)
          - CompositeAttributeFetchImpl(composite=es.ubu.lsi.model.catering.DireccionPostal, querySpaceUid=<gen:4>, path=es.ubu.lsi.model.catering.Cliente.direccionPostal)
    - QuerySpaces
       - EntityQuerySpaceImpl(uid=<gen:0>, entity=es.ubu.lsi.model.catering.Cliente)
          - SQL table alias mapping - cliente0_
          - alias suffix - 0_
          - suffixed key columns - {cif1_1_0_}
          - JOIN (JoinDefinedByMetadata(bonoCliente)) : <gen:0> -> <gen:1>
             - EntityQuerySpaceImpl(uid=<gen:1>, entity=es.ubu.lsi.model.catering.BonoCliente)
                - SQL table alias mapping - bonoclient1_
                - alias suffix - 1_
                - suffixed key columns - {idbonocliente1_0_1_}
          - JOIN (JoinDefinedByMetadata(direccionPostal)) : <gen:0> -> <gen:4>
             - CompositeQuerySpaceImpl(uid=<gen:4>)
                - SQL table alias mapping - cliente0_

[DEBUG] 2026-04-26 23:02:00.778 [main] EntityLoader - Static select for entity es.ubu.lsi.model.catering.Cliente [READ]: select cliente0_.cif as cif1_1_0_, cliente0_.IDBONOCLIENTE as idbonocliente6_1_0_, cliente0_.descripcion as descripcion2_1_0_, cliente0_.ciudad as ciudad3_1_0_, cliente0_.cp as cp4_1_0_, cliente0_.direccion as direccion5_1_0_, bonoclient1_.idbonocliente as idbonocliente1_0_1_, bonoclient1_.bono as bono2_0_1_, bonoclient1_.descuento as descuento3_0_1_ from HR.Cliente cliente0_ left outer join HR.BonoCliente bonoclient1_ on cliente0_.IDBONOCLIENTE=bonoclient1_.idbonocliente where cliente0_.cif=?
[DEBUG] 2026-04-26 23:02:00.779 [main] CascadeEntityLoader - Static select for action ACTION_MERGE on entity es.ubu.lsi.model.catering.Cliente: select cliente0_.cif as cif1_1_0_, cliente0_.IDBONOCLIENTE as idbonocliente6_1_0_, cliente0_.descripcion as descripcion2_1_0_, cliente0_.ciudad as ciudad3_1_0_, cliente0_.cp as cp4_1_0_, cliente0_.direccion as direccion5_1_0_ from HR.Cliente cliente0_ where cliente0_.cif=?
[DEBUG] 2026-04-26 23:02:00.779 [main] CascadeEntityLoader - Static select for action ACTION_REFRESH on entity es.ubu.lsi.model.catering.Cliente: select cliente0_.cif as cif1_1_0_, cliente0_.IDBONOCLIENTE as idbonocliente6_1_0_, cliente0_.descripcion as descripcion2_1_0_, cliente0_.ciudad as ciudad3_1_0_, cliente0_.cp as cp4_1_0_, cliente0_.direccion as direccion5_1_0_ from HR.Cliente cliente0_ where cliente0_.cif=?
[DEBUG] 2026-04-26 23:02:00.779 [main] AbstractEntityPersister - Static SQL for entity: es.ubu.lsi.model.catering.Compra
[DEBUG] 2026-04-26 23:02:00.779 [main] AbstractEntityPersister -  Version select: select cif, fecha from HR.Compra where cif =? and fecha =?
[DEBUG] 2026-04-26 23:02:00.779 [main] AbstractEntityPersister -  Snapshot select: select compra_.cif, compra_.fecha, compra_.importe as importe3_2_, compra_.IDMENU as idmenu5_2_, compra_.personas as personas4_2_ from HR.Compra compra_ where compra_.cif=? and compra_.fecha=?
[DEBUG] 2026-04-26 23:02:00.779 [main] DelegatingBasicLogger -  Insert 0: insert into HR.Compra (importe, IDMENU, personas, cif, fecha) values (?, ?, ?, ?, ?)
[DEBUG] 2026-04-26 23:02:00.780 [main] DelegatingBasicLogger -  Update 0: update HR.Compra set importe=?, IDMENU=?, personas=? where cif=? and fecha=?
[DEBUG] 2026-04-26 23:02:00.780 [main] DelegatingBasicLogger -  Delete 0: delete from HR.Compra where cif=? and fecha=?
[DEBUG] 2026-04-26 23:02:00.780 [main] QuerySpacesImpl - Adding QuerySpace : uid = <gen:0> -> org.hibernate.loader.plan.build.internal.spaces.EntityQuerySpaceImpl@14c141c0]
[DEBUG] 2026-04-26 23:02:00.780 [main] QuerySpacesImpl - Adding QuerySpace : uid = <gen:0>-id -> org.hibernate.loader.plan.build.internal.spaces.CompositeQuerySpaceImpl@61874b9d]
[DEBUG] 2026-04-26 23:02:00.781 [main] MetamodelGraphWalker - Visiting attribute path : cif
[DEBUG] 2026-04-26 23:02:00.782 [main] MetamodelGraphWalker - Visiting attribute path : fecha
[DEBUG] 2026-04-26 23:02:00.782 [main] MetamodelGraphWalker - Visiting attribute path : cliente
[DEBUG] 2026-04-26 23:02:00.782 [main] QuerySpacesImpl - Adding QuerySpace : uid = <gen:1> -> org.hibernate.loader.plan.build.internal.spaces.EntityQuerySpaceImpl@429aeac1]
[DEBUG] 2026-04-26 23:02:00.783 [main] MetamodelGraphWalker - Visiting attribute path : cliente.bonoCliente
[DEBUG] 2026-04-26 23:02:00.783 [main] QuerySpacesImpl - Adding QuerySpace : uid = <gen:2> -> org.hibernate.loader.plan.build.internal.spaces.EntityQuerySpaceImpl@6b4fc2d1]
[DEBUG] 2026-04-26 23:02:00.784 [main] MetamodelGraphWalker - Visiting attribute path : cliente.bonoCliente.bono
[DEBUG] 2026-04-26 23:02:00.784 [main] MetamodelGraphWalker - Visiting attribute path : cliente.bonoCliente.clientes
[DEBUG] 2026-04-26 23:02:00.784 [main] MetamodelGraphWalker - Property path deemed to be circular : cliente.bonoCliente.clientes
[DEBUG] 2026-04-26 23:02:00.784 [main] MetamodelGraphWalker - Visiting attribute path : cliente.bonoCliente.descuento
[DEBUG] 2026-04-26 23:02:00.785 [main] MetamodelGraphWalker - Visiting attribute path : cliente.compras
[DEBUG] 2026-04-26 23:02:00.785 [main] MetamodelGraphWalker - Property path deemed to be circular : cliente.compras
[DEBUG] 2026-04-26 23:02:00.785 [main] MetamodelGraphWalker - Visiting attribute path : cliente.descripcion
[DEBUG] 2026-04-26 23:02:00.785 [main] MetamodelGraphWalker - Visiting attribute path : cliente.direccionPostal
[DEBUG] 2026-04-26 23:02:00.785 [main] QuerySpacesImpl - Adding QuerySpace : uid = <gen:3> -> org.hibernate.loader.plan.build.internal.spaces.CompositeQuerySpaceImpl@1de4285e]
[DEBUG] 2026-04-26 23:02:00.786 [main] MetamodelGraphWalker - Visiting attribute path : cliente.direccionPostal.ciudad
[DEBUG] 2026-04-26 23:02:00.786 [main] MetamodelGraphWalker - Visiting attribute path : cliente.direccionPostal.cp
[DEBUG] 2026-04-26 23:02:00.787 [main] MetamodelGraphWalker - Visiting attribute path : cliente.direccionPostal.direccion
[DEBUG] 2026-04-26 23:02:00.787 [main] MetamodelGraphWalker - Visiting attribute path : importe
[DEBUG] 2026-04-26 23:02:00.787 [main] MetamodelGraphWalker - Visiting attribute path : menu
[DEBUG] 2026-04-26 23:02:00.788 [main] QuerySpacesImpl - Adding QuerySpace : uid = <gen:4> -> org.hibernate.loader.plan.build.internal.spaces.EntityQuerySpaceImpl@634ff56]
[DEBUG] 2026-04-26 23:02:00.788 [main] MetamodelGraphWalker - Visiting attribute path : menu.compras
[DEBUG] 2026-04-26 23:02:00.788 [main] MetamodelGraphWalker - Property path deemed to be circular : menu.compras
[DEBUG] 2026-04-26 23:02:00.788 [main] MetamodelGraphWalker - Visiting attribute path : menu.descripcion
[DEBUG] 2026-04-26 23:02:00.789 [main] MetamodelGraphWalker - Visiting attribute path : menu.precio
[DEBUG] 2026-04-26 23:02:00.789 [main] MetamodelGraphWalker - Visiting attribute path : personas
[DEBUG] 2026-04-26 23:02:00.790 [main] FetchStyleLoadPlanBuildingAssociationVisitationStrategy - Building LoadPlan...
[DEBUG] 2026-04-26 23:02:00.790 [main] LoadQueryJoinAndFetchProcessor - processing queryspace <gen:0>
[DEBUG] 2026-04-26 23:02:00.792 [main] LoadPlanTreePrinter - LoadPlan(entity=es.ubu.lsi.model.catering.Compra)
    - Returns
       - EntityReturnImpl(entity=es.ubu.lsi.model.catering.Compra, querySpaceUid=<gen:0>, path=es.ubu.lsi.model.catering.Compra)
          - EntityAttributeFetchImpl(entity=es.ubu.lsi.model.catering.Cliente, querySpaceUid=<gen:1>, path=es.ubu.lsi.model.catering.Compra.cliente)
             - EntityAttributeFetchImpl(entity=es.ubu.lsi.model.catering.BonoCliente, querySpaceUid=<gen:2>, path=es.ubu.lsi.model.catering.Compra.cliente.bonoCliente)
             - CompositeAttributeFetchImpl(composite=es.ubu.lsi.model.catering.DireccionPostal, querySpaceUid=<gen:3>, path=es.ubu.lsi.model.catering.Compra.cliente.direccionPostal)
          - EntityAttributeFetchImpl(entity=es.ubu.lsi.model.catering.Menu, querySpaceUid=<gen:4>, path=es.ubu.lsi.model.catering.Compra.menu)
    - QuerySpaces
       - EntityQuerySpaceImpl(uid=<gen:0>, entity=es.ubu.lsi.model.catering.Compra)
          - SQL table alias mapping - compra0_
          - alias suffix - 0_
          - suffixed key columns - {cif1_2_0_, fecha2_2_0_}
          - JOIN (JoinDefinedByMetadata(id)) : <gen:0> -> <gen:0>-id
             - CompositeQuerySpaceImpl(uid=<gen:0>-id)
                - SQL table alias mapping - compra0_
          - JOIN (JoinDefinedByMetadata(cliente)) : <gen:0> -> <gen:1>
             - EntityQuerySpaceImpl(uid=<gen:1>, entity=es.ubu.lsi.model.catering.Cliente)
                - SQL table alias mapping - cliente1_
                - alias suffix - 1_
                - suffixed key columns - {cif1_1_1_}
                - JOIN (JoinDefinedByMetadata(bonoCliente)) : <gen:1> -> <gen:2>
                   - EntityQuerySpaceImpl(uid=<gen:2>, entity=es.ubu.lsi.model.catering.BonoCliente)
                      - SQL table alias mapping - bonoclient2_
                      - alias suffix - 2_
                      - suffixed key columns - {idbonocliente1_0_2_}
                - JOIN (JoinDefinedByMetadata(direccionPostal)) : <gen:1> -> <gen:3>
                   - CompositeQuerySpaceImpl(uid=<gen:3>)
                      - SQL table alias mapping - cliente1_
          - JOIN (JoinDefinedByMetadata(menu)) : <gen:0> -> <gen:4>
             - EntityQuerySpaceImpl(uid=<gen:4>, entity=es.ubu.lsi.model.catering.Menu)
                - SQL table alias mapping - menu3_
                - alias suffix - 3_
                - suffixed key columns - {idmenu1_3_3_}

[DEBUG] 2026-04-26 23:02:00.792 [main] EntityLoader - Static select for entity es.ubu.lsi.model.catering.Compra [NONE]: select compra0_.cif as cif1_2_0_, compra0_.fecha as fecha2_2_0_, compra0_.importe as importe3_2_0_, compra0_.IDMENU as idmenu5_2_0_, compra0_.personas as personas4_2_0_, cliente1_.cif as cif1_1_1_, cliente1_.IDBONOCLIENTE as idbonocliente6_1_1_, cliente1_.descripcion as descripcion2_1_1_, cliente1_.ciudad as ciudad3_1_1_, cliente1_.cp as cp4_1_1_, cliente1_.direccion as direccion5_1_1_, bonoclient2_.idbonocliente as idbonocliente1_0_2_, bonoclient2_.bono as bono2_0_2_, bonoclient2_.descuento as descuento3_0_2_, menu3_.idmenu as idmenu1_3_3_, menu3_.descripcion as descripcion2_3_3_, menu3_.precio as precio3_3_3_ from HR.Compra compra0_ left outer join HR.Cliente cliente1_ on compra0_.CIF=cliente1_.cif left outer join HR.BonoCliente bonoclient2_ on cliente1_.IDBONOCLIENTE=bonoclient2_.idbonocliente left outer join HR.Menu menu3_ on compra0_.IDMENU=menu3_.idmenu where compra0_.cif=? and compra0_.fecha=?
[DEBUG] 2026-04-26 23:02:00.792 [main] QuerySpacesImpl - Adding QuerySpace : uid = <gen:0> -> org.hibernate.loader.plan.build.internal.spaces.EntityQuerySpaceImpl@58ae402b]
[DEBUG] 2026-04-26 23:02:00.792 [main] QuerySpacesImpl - Adding QuerySpace : uid = <gen:0>-id -> org.hibernate.loader.plan.build.internal.spaces.CompositeQuerySpaceImpl@4099209b]
[DEBUG] 2026-04-26 23:02:00.793 [main] MetamodelGraphWalker - Visiting attribute path : cif
[DEBUG] 2026-04-26 23:02:00.793 [main] MetamodelGraphWalker - Visiting attribute path : fecha
[DEBUG] 2026-04-26 23:02:00.793 [main] MetamodelGraphWalker - Visiting attribute path : cliente
[DEBUG] 2026-04-26 23:02:00.794 [main] QuerySpacesImpl - Adding QuerySpace : uid = <gen:1> -> org.hibernate.loader.plan.build.internal.spaces.EntityQuerySpaceImpl@1de0641b]
[DEBUG] 2026-04-26 23:02:00.794 [main] MetamodelGraphWalker - Visiting attribute path : cliente.bonoCliente
[DEBUG] 2026-04-26 23:02:00.794 [main] QuerySpacesImpl - Adding QuerySpace : uid = <gen:2> -> org.hibernate.loader.plan.build.internal.spaces.EntityQuerySpaceImpl@1a464fa3]
[DEBUG] 2026-04-26 23:02:00.795 [main] MetamodelGraphWalker - Visiting attribute path : cliente.bonoCliente.bono
[DEBUG] 2026-04-26 23:02:00.795 [main] MetamodelGraphWalker - Visiting attribute path : cliente.bonoCliente.clientes
[DEBUG] 2026-04-26 23:02:00.795 [main] MetamodelGraphWalker - Property path deemed to be circular : cliente.bonoCliente.clientes
[DEBUG] 2026-04-26 23:02:00.795 [main] MetamodelGraphWalker - Visiting attribute path : cliente.bonoCliente.descuento
[DEBUG] 2026-04-26 23:02:00.796 [main] MetamodelGraphWalker - Visiting attribute path : cliente.compras
[DEBUG] 2026-04-26 23:02:00.796 [main] MetamodelGraphWalker - Property path deemed to be circular : cliente.compras
[DEBUG] 2026-04-26 23:02:00.796 [main] MetamodelGraphWalker - Visiting attribute path : cliente.descripcion
[DEBUG] 2026-04-26 23:02:00.796 [main] MetamodelGraphWalker - Visiting attribute path : cliente.direccionPostal
[DEBUG] 2026-04-26 23:02:00.796 [main] QuerySpacesImpl - Adding QuerySpace : uid = <gen:3> -> org.hibernate.loader.plan.build.internal.spaces.CompositeQuerySpaceImpl@5ccb85d6]
[DEBUG] 2026-04-26 23:02:00.796 [main] MetamodelGraphWalker - Visiting attribute path : cliente.direccionPostal.ciudad
[DEBUG] 2026-04-26 23:02:00.797 [main] MetamodelGraphWalker - Visiting attribute path : cliente.direccionPostal.cp
[DEBUG] 2026-04-26 23:02:00.797 [main] MetamodelGraphWalker - Visiting attribute path : cliente.direccionPostal.direccion
[DEBUG] 2026-04-26 23:02:00.797 [main] MetamodelGraphWalker - Visiting attribute path : importe
[DEBUG] 2026-04-26 23:02:00.798 [main] MetamodelGraphWalker - Visiting attribute path : menu
[DEBUG] 2026-04-26 23:02:00.798 [main] QuerySpacesImpl - Adding QuerySpace : uid = <gen:4> -> org.hibernate.loader.plan.build.internal.spaces.EntityQuerySpaceImpl@259b85d6]
[DEBUG] 2026-04-26 23:02:00.798 [main] MetamodelGraphWalker - Visiting attribute path : menu.compras
[DEBUG] 2026-04-26 23:02:00.798 [main] MetamodelGraphWalker - Property path deemed to be circular : menu.compras
[DEBUG] 2026-04-26 23:02:00.798 [main] MetamodelGraphWalker - Visiting attribute path : menu.descripcion
[DEBUG] 2026-04-26 23:02:00.799 [main] MetamodelGraphWalker - Visiting attribute path : menu.precio
[DEBUG] 2026-04-26 23:02:00.799 [main] MetamodelGraphWalker - Visiting attribute path : personas
[DEBUG] 2026-04-26 23:02:00.799 [main] FetchStyleLoadPlanBuildingAssociationVisitationStrategy - Building LoadPlan...
[DEBUG] 2026-04-26 23:02:00.800 [main] LoadQueryJoinAndFetchProcessor - processing queryspace <gen:0>
[DEBUG] 2026-04-26 23:02:00.801 [main] LoadPlanTreePrinter - LoadPlan(entity=es.ubu.lsi.model.catering.Compra)
    - Returns
       - EntityReturnImpl(entity=es.ubu.lsi.model.catering.Compra, querySpaceUid=<gen:0>, path=es.ubu.lsi.model.catering.Compra)
          - EntityAttributeFetchImpl(entity=es.ubu.lsi.model.catering.Cliente, querySpaceUid=<gen:1>, path=es.ubu.lsi.model.catering.Compra.cliente)
             - EntityAttributeFetchImpl(entity=es.ubu.lsi.model.catering.BonoCliente, querySpaceUid=<gen:2>, path=es.ubu.lsi.model.catering.Compra.cliente.bonoCliente)
             - CompositeAttributeFetchImpl(composite=es.ubu.lsi.model.catering.DireccionPostal, querySpaceUid=<gen:3>, path=es.ubu.lsi.model.catering.Compra.cliente.direccionPostal)
          - EntityAttributeFetchImpl(entity=es.ubu.lsi.model.catering.Menu, querySpaceUid=<gen:4>, path=es.ubu.lsi.model.catering.Compra.menu)
    - QuerySpaces
       - EntityQuerySpaceImpl(uid=<gen:0>, entity=es.ubu.lsi.model.catering.Compra)
          - SQL table alias mapping - compra0_
          - alias suffix - 0_
          - suffixed key columns - {cif1_2_0_, fecha2_2_0_}
          - JOIN (JoinDefinedByMetadata(id)) : <gen:0> -> <gen:0>-id
             - CompositeQuerySpaceImpl(uid=<gen:0>-id)
                - SQL table alias mapping - compra0_
          - JOIN (JoinDefinedByMetadata(cliente)) : <gen:0> -> <gen:1>
             - EntityQuerySpaceImpl(uid=<gen:1>, entity=es.ubu.lsi.model.catering.Cliente)
                - SQL table alias mapping - cliente1_
                - alias suffix - 1_
                - suffixed key columns - {cif1_1_1_}
                - JOIN (JoinDefinedByMetadata(bonoCliente)) : <gen:1> -> <gen:2>
                   - EntityQuerySpaceImpl(uid=<gen:2>, entity=es.ubu.lsi.model.catering.BonoCliente)
                      - SQL table alias mapping - bonoclient2_
                      - alias suffix - 2_
                      - suffixed key columns - {idbonocliente1_0_2_}
                - JOIN (JoinDefinedByMetadata(direccionPostal)) : <gen:1> -> <gen:3>
                   - CompositeQuerySpaceImpl(uid=<gen:3>)
                      - SQL table alias mapping - cliente1_
          - JOIN (JoinDefinedByMetadata(menu)) : <gen:0> -> <gen:4>
             - EntityQuerySpaceImpl(uid=<gen:4>, entity=es.ubu.lsi.model.catering.Menu)
                - SQL table alias mapping - menu3_
                - alias suffix - 3_
                - suffixed key columns - {idmenu1_3_3_}

[DEBUG] 2026-04-26 23:02:00.801 [main] EntityLoader - Static select for entity es.ubu.lsi.model.catering.Compra [READ]: select compra0_.cif as cif1_2_0_, compra0_.fecha as fecha2_2_0_, compra0_.importe as importe3_2_0_, compra0_.IDMENU as idmenu5_2_0_, compra0_.personas as personas4_2_0_, cliente1_.cif as cif1_1_1_, cliente1_.IDBONOCLIENTE as idbonocliente6_1_1_, cliente1_.descripcion as descripcion2_1_1_, cliente1_.ciudad as ciudad3_1_1_, cliente1_.cp as cp4_1_1_, cliente1_.direccion as direccion5_1_1_, bonoclient2_.idbonocliente as idbonocliente1_0_2_, bonoclient2_.bono as bono2_0_2_, bonoclient2_.descuento as descuento3_0_2_, menu3_.idmenu as idmenu1_3_3_, menu3_.descripcion as descripcion2_3_3_, menu3_.precio as precio3_3_3_ from HR.Compra compra0_ left outer join HR.Cliente cliente1_ on compra0_.CIF=cliente1_.cif left outer join HR.BonoCliente bonoclient2_ on cliente1_.IDBONOCLIENTE=bonoclient2_.idbonocliente left outer join HR.Menu menu3_ on compra0_.IDMENU=menu3_.idmenu where compra0_.cif=? and compra0_.fecha=?
[DEBUG] 2026-04-26 23:02:00.802 [main] CascadeEntityLoader - Static select for action ACTION_MERGE on entity es.ubu.lsi.model.catering.Compra: select compra0_.cif as cif1_2_0_, compra0_.fecha as fecha2_2_0_, compra0_.importe as importe3_2_0_, compra0_.IDMENU as idmenu5_2_0_, compra0_.personas as personas4_2_0_ from HR.Compra compra0_ where compra0_.cif=? and compra0_.fecha=?
[DEBUG] 2026-04-26 23:02:00.802 [main] CascadeEntityLoader - Static select for action ACTION_REFRESH on entity es.ubu.lsi.model.catering.Compra: select compra0_.cif as cif1_2_0_, compra0_.fecha as fecha2_2_0_, compra0_.importe as importe3_2_0_, compra0_.IDMENU as idmenu5_2_0_, compra0_.personas as personas4_2_0_ from HR.Compra compra0_ where compra0_.cif=? and compra0_.fecha=?
[DEBUG] 2026-04-26 23:02:00.802 [main] AbstractEntityPersister - Static SQL for entity: es.ubu.lsi.model.catering.Menu
[DEBUG] 2026-04-26 23:02:00.802 [main] AbstractEntityPersister -  Version select: select idmenu from HR.Menu where idmenu =?
[DEBUG] 2026-04-26 23:02:00.802 [main] AbstractEntityPersister -  Snapshot select: select menu_.idmenu, menu_.descripcion as descripcion2_3_, menu_.precio as precio3_3_ from HR.Menu menu_ where menu_.idmenu=?
[DEBUG] 2026-04-26 23:02:00.803 [main] DelegatingBasicLogger -  Insert 0: insert into HR.Menu (descripcion, precio, idmenu) values (?, ?, ?)
[DEBUG] 2026-04-26 23:02:00.803 [main] DelegatingBasicLogger -  Update 0: update HR.Menu set descripcion=?, precio=? where idmenu=?
[DEBUG] 2026-04-26 23:02:00.803 [main] DelegatingBasicLogger -  Delete 0: delete from HR.Menu where idmenu=?
[DEBUG] 2026-04-26 23:02:00.803 [main] QuerySpacesImpl - Adding QuerySpace : uid = <gen:0> -> org.hibernate.loader.plan.build.internal.spaces.EntityQuerySpaceImpl@488f3dd1]
[DEBUG] 2026-04-26 23:02:00.803 [main] MetamodelGraphWalker - Visiting attribute path : compras
[DEBUG] 2026-04-26 23:02:00.804 [main] QuerySpacesImpl - Adding QuerySpace : uid = <gen:1> -> org.hibernate.loader.plan.build.internal.spaces.CollectionQuerySpaceImpl@7bc58891]
[DEBUG] 2026-04-26 23:02:00.804 [main] QuerySpacesImpl - Adding QuerySpace : uid = <gen:2> -> org.hibernate.loader.plan.build.internal.spaces.EntityQuerySpaceImpl@6411504a]
[DEBUG] 2026-04-26 23:02:00.804 [main] QuerySpacesImpl - Adding QuerySpace : uid = <gen:2>-id -> org.hibernate.loader.plan.build.internal.spaces.CompositeQuerySpaceImpl@554188ac]
[DEBUG] 2026-04-26 23:02:00.804 [main] MetamodelGraphWalker - Visiting attribute path : descripcion
[DEBUG] 2026-04-26 23:02:00.804 [main] MetamodelGraphWalker - Visiting attribute path : precio
[DEBUG] 2026-04-26 23:02:00.805 [main] FetchStyleLoadPlanBuildingAssociationVisitationStrategy - Building LoadPlan...
[DEBUG] 2026-04-26 23:02:00.805 [main] LoadQueryJoinAndFetchProcessor - processing queryspace <gen:0>
[DEBUG] 2026-04-26 23:02:00.813 [main] LoadPlanTreePrinter - LoadPlan(entity=es.ubu.lsi.model.catering.Menu)
    - Returns
       - EntityReturnImpl(entity=es.ubu.lsi.model.catering.Menu, querySpaceUid=<gen:0>, path=es.ubu.lsi.model.catering.Menu)
          - CollectionAttributeFetchImpl(collection=es.ubu.lsi.model.catering.Menu.compras, querySpaceUid=<gen:1>, path=es.ubu.lsi.model.catering.Menu.compras)
             - (collection element) CollectionFetchableElementEntityGraph(entity=es.ubu.lsi.model.catering.Compra, querySpaceUid=<gen:2>, path=es.ubu.lsi.model.catering.Menu.compras.<elements>)
    - QuerySpaces
       - EntityQuerySpaceImpl(uid=<gen:0>, entity=es.ubu.lsi.model.catering.Menu)
          - SQL table alias mapping - menu0_
          - alias suffix - 0_
          - suffixed key columns - {idmenu1_3_0_}

[DEBUG] 2026-04-26 23:02:00.813 [main] EntityLoader - Static select for entity es.ubu.lsi.model.catering.Menu [NONE]: select menu0_.idmenu as idmenu1_3_0_, menu0_.descripcion as descripcion2_3_0_, menu0_.precio as precio3_3_0_ from HR.Menu menu0_ where menu0_.idmenu=?
[DEBUG] 2026-04-26 23:02:00.814 [main] QuerySpacesImpl - Adding QuerySpace : uid = <gen:0> -> org.hibernate.loader.plan.build.internal.spaces.EntityQuerySpaceImpl@1f43cab7]
[DEBUG] 2026-04-26 23:02:00.814 [main] MetamodelGraphWalker - Visiting attribute path : compras
[DEBUG] 2026-04-26 23:02:00.814 [main] QuerySpacesImpl - Adding QuerySpace : uid = <gen:1> -> org.hibernate.loader.plan.build.internal.spaces.CollectionQuerySpaceImpl@2668c286]
[DEBUG] 2026-04-26 23:02:00.814 [main] QuerySpacesImpl - Adding QuerySpace : uid = <gen:2> -> org.hibernate.loader.plan.build.internal.spaces.EntityQuerySpaceImpl@7f353a0f]
[DEBUG] 2026-04-26 23:02:00.814 [main] QuerySpacesImpl - Adding QuerySpace : uid = <gen:2>-id -> org.hibernate.loader.plan.build.internal.spaces.CompositeQuerySpaceImpl@7ea2412c]
[DEBUG] 2026-04-26 23:02:00.815 [main] MetamodelGraphWalker - Visiting attribute path : descripcion
[DEBUG] 2026-04-26 23:02:00.815 [main] MetamodelGraphWalker - Visiting attribute path : precio
[DEBUG] 2026-04-26 23:02:00.815 [main] FetchStyleLoadPlanBuildingAssociationVisitationStrategy - Building LoadPlan...
[DEBUG] 2026-04-26 23:02:00.815 [main] LoadQueryJoinAndFetchProcessor - processing queryspace <gen:0>
[DEBUG] 2026-04-26 23:02:00.816 [main] LoadPlanTreePrinter - LoadPlan(entity=es.ubu.lsi.model.catering.Menu)
    - Returns
       - EntityReturnImpl(entity=es.ubu.lsi.model.catering.Menu, querySpaceUid=<gen:0>, path=es.ubu.lsi.model.catering.Menu)
          - CollectionAttributeFetchImpl(collection=es.ubu.lsi.model.catering.Menu.compras, querySpaceUid=<gen:1>, path=es.ubu.lsi.model.catering.Menu.compras)
             - (collection element) CollectionFetchableElementEntityGraph(entity=es.ubu.lsi.model.catering.Compra, querySpaceUid=<gen:2>, path=es.ubu.lsi.model.catering.Menu.compras.<elements>)
    - QuerySpaces
       - EntityQuerySpaceImpl(uid=<gen:0>, entity=es.ubu.lsi.model.catering.Menu)
          - SQL table alias mapping - menu0_
          - alias suffix - 0_
          - suffixed key columns - {idmenu1_3_0_}

[DEBUG] 2026-04-26 23:02:00.816 [main] EntityLoader - Static select for entity es.ubu.lsi.model.catering.Menu [READ]: select menu0_.idmenu as idmenu1_3_0_, menu0_.descripcion as descripcion2_3_0_, menu0_.precio as precio3_3_0_ from HR.Menu menu0_ where menu0_.idmenu=?
[DEBUG] 2026-04-26 23:02:00.816 [main] CascadeEntityLoader - Static select for action ACTION_MERGE on entity es.ubu.lsi.model.catering.Menu: select menu0_.idmenu as idmenu1_3_0_, menu0_.descripcion as descripcion2_3_0_, menu0_.precio as precio3_3_0_ from HR.Menu menu0_ where menu0_.idmenu=?
[DEBUG] 2026-04-26 23:02:00.816 [main] CascadeEntityLoader - Static select for action ACTION_REFRESH on entity es.ubu.lsi.model.catering.Menu: select menu0_.idmenu as idmenu1_3_0_, menu0_.descripcion as descripcion2_3_0_, menu0_.precio as precio3_3_0_ from HR.Menu menu0_ where menu0_.idmenu=?
[DEBUG] 2026-04-26 23:02:00.821 [main] QuerySpacesImpl - Adding QuerySpace : uid = <gen:0> -> org.hibernate.loader.plan.build.internal.spaces.CollectionQuerySpaceImpl@29fe4840]
[DEBUG] 2026-04-26 23:02:00.821 [main] QuerySpacesImpl - Adding QuerySpace : uid = <gen:1> -> org.hibernate.loader.plan.build.internal.spaces.EntityQuerySpaceImpl@7f287b98]
[DEBUG] 2026-04-26 23:02:00.822 [main] MetamodelGraphWalker - Visiting attribute path : bonoCliente
[DEBUG] 2026-04-26 23:02:00.822 [main] MetamodelGraphWalker - Property path deemed to be circular : bonoCliente
[DEBUG] 2026-04-26 23:02:00.822 [main] MetamodelGraphWalker - Visiting attribute path : compras
[DEBUG] 2026-04-26 23:02:00.823 [main] QuerySpacesImpl - Adding QuerySpace : uid = <gen:2> -> org.hibernate.loader.plan.build.internal.spaces.CollectionQuerySpaceImpl@2e4389ed]
[DEBUG] 2026-04-26 23:02:00.823 [main] QuerySpacesImpl - Adding QuerySpace : uid = <gen:3> -> org.hibernate.loader.plan.build.internal.spaces.EntityQuerySpaceImpl@1b90fee4]
[DEBUG] 2026-04-26 23:02:00.823 [main] QuerySpacesImpl - Adding QuerySpace : uid = <gen:3>-id -> org.hibernate.loader.plan.build.internal.spaces.CompositeQuerySpaceImpl@3513c84c]
[DEBUG] 2026-04-26 23:02:00.823 [main] MetamodelGraphWalker - Visiting attribute path : descripcion
[DEBUG] 2026-04-26 23:02:00.823 [main] MetamodelGraphWalker - Visiting attribute path : direccionPostal
[DEBUG] 2026-04-26 23:02:00.823 [main] QuerySpacesImpl - Adding QuerySpace : uid = <gen:4> -> org.hibernate.loader.plan.build.internal.spaces.CompositeQuerySpaceImpl@4978777f]
[DEBUG] 2026-04-26 23:02:00.824 [main] MetamodelGraphWalker - Visiting attribute path : direccionPostal.ciudad
[DEBUG] 2026-04-26 23:02:00.824 [main] MetamodelGraphWalker - Visiting attribute path : direccionPostal.cp
[DEBUG] 2026-04-26 23:02:00.824 [main] MetamodelGraphWalker - Visiting attribute path : direccionPostal.direccion
[DEBUG] 2026-04-26 23:02:00.825 [main] FetchStyleLoadPlanBuildingAssociationVisitationStrategy - Building LoadPlan...
[DEBUG] 2026-04-26 23:02:00.828 [main] LoadQueryJoinAndFetchProcessor - processing queryspace <gen:0>
[DEBUG] 2026-04-26 23:02:00.828 [main] LoadPlanTreePrinter - LoadPlan(collection=es.ubu.lsi.model.catering.BonoCliente.clientes)
    - Returns
       - CollectionReturnImpl(collection=es.ubu.lsi.model.catering.BonoCliente.clientes, querySpaceUid=<gen:0>, path=[es.ubu.lsi.model.catering.BonoCliente.clientes])
          - (collection element) CollectionFetchableElementEntityGraph(entity=es.ubu.lsi.model.catering.Cliente, querySpaceUid=<gen:1>, path=[es.ubu.lsi.model.catering.BonoCliente.clientes].<elements>)
             - CollectionAttributeFetchImpl(collection=es.ubu.lsi.model.catering.Cliente.compras, querySpaceUid=<gen:2>, path=[es.ubu.lsi.model.catering.BonoCliente.clientes].<elements>.compras)
                - (collection element) CollectionFetchableElementEntityGraph(entity=es.ubu.lsi.model.catering.Compra, querySpaceUid=<gen:3>, path=[es.ubu.lsi.model.catering.BonoCliente.clientes].<elements>.compras.<elements>)
             - CompositeAttributeFetchImpl(composite=es.ubu.lsi.model.catering.DireccionPostal, querySpaceUid=<gen:4>, path=[es.ubu.lsi.model.catering.BonoCliente.clientes].<elements>.direccionPostal)
    - QuerySpaces
       - CollectionQuerySpaceImpl(uid=<gen:0>, collection=es.ubu.lsi.model.catering.BonoCliente.clientes)
          - SQL table alias mapping - clientes0_
          - alias suffix - 0_
          - suffixed key columns - {idbonocliente6_1_0_}
          - entity-element alias suffix - 1_
          - 1_entity-element suffixed key columns - cif1_1_1_
          - JOIN (JoinDefinedByMetadata(elements)) : <gen:0> -> <gen:1>
             - EntityQuerySpaceImpl(uid=<gen:1>, entity=es.ubu.lsi.model.catering.Cliente)
                - SQL table alias mapping - clientes0_
                - alias suffix - 1_
                - suffixed key columns - {cif1_1_1_}
                - JOIN (JoinDefinedByMetadata(direccionPostal)) : <gen:1> -> <gen:4>
                   - CompositeQuerySpaceImpl(uid=<gen:4>)
                      - SQL table alias mapping - clientes0_

[DEBUG] 2026-04-26 23:02:00.829 [main] CollectionLoader - Static select for collection es.ubu.lsi.model.catering.BonoCliente.clientes: select clientes0_.IDBONOCLIENTE as idbonocliente6_1_0_, clientes0_.cif as cif1_1_0_, clientes0_.cif as cif1_1_1_, clientes0_.IDBONOCLIENTE as idbonocliente6_1_1_, clientes0_.descripcion as descripcion2_1_1_, clientes0_.ciudad as ciudad3_1_1_, clientes0_.cp as cp4_1_1_, clientes0_.direccion as direccion5_1_1_ from HR.Cliente clientes0_ where clientes0_.IDBONOCLIENTE=?
[DEBUG] 2026-04-26 23:02:00.829 [main] QuerySpacesImpl - Adding QuerySpace : uid = <gen:0> -> org.hibernate.loader.plan.build.internal.spaces.CollectionQuerySpaceImpl@25f61c2c]
[DEBUG] 2026-04-26 23:02:00.829 [main] QuerySpacesImpl - Adding QuerySpace : uid = <gen:1> -> org.hibernate.loader.plan.build.internal.spaces.EntityQuerySpaceImpl@72bd2871]
[DEBUG] 2026-04-26 23:02:00.829 [main] QuerySpacesImpl - Adding QuerySpace : uid = <gen:1>-id -> org.hibernate.loader.plan.build.internal.spaces.CompositeQuerySpaceImpl@77429040]
[DEBUG] 2026-04-26 23:02:00.830 [main] MetamodelGraphWalker - Visiting attribute path : cif
[DEBUG] 2026-04-26 23:02:00.830 [main] MetamodelGraphWalker - Visiting attribute path : fecha
[DEBUG] 2026-04-26 23:02:00.831 [main] MetamodelGraphWalker - Visiting attribute path : cliente
[DEBUG] 2026-04-26 23:02:00.831 [main] QuerySpacesImpl - Adding QuerySpace : uid = <gen:2> -> org.hibernate.loader.plan.build.internal.spaces.EntityQuerySpaceImpl@461c3709]
[DEBUG] 2026-04-26 23:02:00.831 [main] MetamodelGraphWalker - Visiting attribute path : cliente.bonoCliente
[DEBUG] 2026-04-26 23:02:00.831 [main] QuerySpacesImpl - Adding QuerySpace : uid = <gen:3> -> org.hibernate.loader.plan.build.internal.spaces.EntityQuerySpaceImpl@3f63a513]
[DEBUG] 2026-04-26 23:02:00.832 [main] MetamodelGraphWalker - Visiting attribute path : cliente.bonoCliente.bono
[DEBUG] 2026-04-26 23:02:00.832 [main] MetamodelGraphWalker - Visiting attribute path : cliente.bonoCliente.clientes
[DEBUG] 2026-04-26 23:02:00.832 [main] MetamodelGraphWalker - Property path deemed to be circular : cliente.bonoCliente.clientes
[DEBUG] 2026-04-26 23:02:00.832 [main] MetamodelGraphWalker - Visiting attribute path : cliente.bonoCliente.descuento
[DEBUG] 2026-04-26 23:02:00.833 [main] MetamodelGraphWalker - Visiting attribute path : cliente.compras
[DEBUG] 2026-04-26 23:02:00.833 [main] MetamodelGraphWalker - Property path deemed to be circular : cliente.compras
[DEBUG] 2026-04-26 23:02:00.833 [main] MetamodelGraphWalker - Visiting attribute path : cliente.descripcion
[DEBUG] 2026-04-26 23:02:00.833 [main] MetamodelGraphWalker - Visiting attribute path : cliente.direccionPostal
[DEBUG] 2026-04-26 23:02:00.833 [main] QuerySpacesImpl - Adding QuerySpace : uid = <gen:4> -> org.hibernate.loader.plan.build.internal.spaces.CompositeQuerySpaceImpl@66383c29]
[DEBUG] 2026-04-26 23:02:00.833 [main] MetamodelGraphWalker - Visiting attribute path : cliente.direccionPostal.ciudad
[DEBUG] 2026-04-26 23:02:00.834 [main] MetamodelGraphWalker - Visiting attribute path : cliente.direccionPostal.cp
[DEBUG] 2026-04-26 23:02:00.834 [main] MetamodelGraphWalker - Visiting attribute path : cliente.direccionPostal.direccion
[DEBUG] 2026-04-26 23:02:00.834 [main] MetamodelGraphWalker - Visiting attribute path : importe
[DEBUG] 2026-04-26 23:02:00.835 [main] MetamodelGraphWalker - Visiting attribute path : menu
[DEBUG] 2026-04-26 23:02:00.835 [main] MetamodelGraphWalker - Property path deemed to be circular : menu
[DEBUG] 2026-04-26 23:02:00.835 [main] MetamodelGraphWalker - Visiting attribute path : personas
[DEBUG] 2026-04-26 23:02:00.835 [main] FetchStyleLoadPlanBuildingAssociationVisitationStrategy - Building LoadPlan...
[DEBUG] 2026-04-26 23:02:00.836 [main] LoadQueryJoinAndFetchProcessor - processing queryspace <gen:0>
[DEBUG] 2026-04-26 23:02:00.837 [main] LoadPlanTreePrinter - LoadPlan(collection=es.ubu.lsi.model.catering.Menu.compras)
    - Returns
       - CollectionReturnImpl(collection=es.ubu.lsi.model.catering.Menu.compras, querySpaceUid=<gen:0>, path=[es.ubu.lsi.model.catering.Menu.compras])
          - (collection element) CollectionFetchableElementEntityGraph(entity=es.ubu.lsi.model.catering.Compra, querySpaceUid=<gen:1>, path=[es.ubu.lsi.model.catering.Menu.compras].<elements>)
             - EntityAttributeFetchImpl(entity=es.ubu.lsi.model.catering.Cliente, querySpaceUid=<gen:2>, path=[es.ubu.lsi.model.catering.Menu.compras].<elements>.cliente)
                - EntityAttributeFetchImpl(entity=es.ubu.lsi.model.catering.BonoCliente, querySpaceUid=<gen:3>, path=[es.ubu.lsi.model.catering.Menu.compras].<elements>.cliente.bonoCliente)
                - CompositeAttributeFetchImpl(composite=es.ubu.lsi.model.catering.DireccionPostal, querySpaceUid=<gen:4>, path=[es.ubu.lsi.model.catering.Menu.compras].<elements>.cliente.direccionPostal)
    - QuerySpaces
       - CollectionQuerySpaceImpl(uid=<gen:0>, collection=es.ubu.lsi.model.catering.Menu.compras)
          - SQL table alias mapping - compras0_
          - alias suffix - 0_
          - suffixed key columns - {idmenu5_2_0_}
          - entity-element alias suffix - 1_
          - 1_entity-element suffixed key columns - cif1_2_1_, fecha2_2_1_
          - JOIN (JoinDefinedByMetadata(elements)) : <gen:0> -> <gen:1>
             - EntityQuerySpaceImpl(uid=<gen:1>, entity=es.ubu.lsi.model.catering.Compra)
                - SQL table alias mapping - compras0_
                - alias suffix - 1_
                - suffixed key columns - {cif1_2_1_, fecha2_2_1_}
                - JOIN (JoinDefinedByMetadata(id)) : <gen:1> -> <gen:1>-id
                   - CompositeQuerySpaceImpl(uid=<gen:1>-id)
                      - SQL table alias mapping - compras0_
                - JOIN (JoinDefinedByMetadata(cliente)) : <gen:1> -> <gen:2>
                   - EntityQuerySpaceImpl(uid=<gen:2>, entity=es.ubu.lsi.model.catering.Cliente)
                      - SQL table alias mapping - cliente1_
                      - alias suffix - 2_
                      - suffixed key columns - {cif1_1_2_}
                      - JOIN (JoinDefinedByMetadata(bonoCliente)) : <gen:2> -> <gen:3>
                         - EntityQuerySpaceImpl(uid=<gen:3>, entity=es.ubu.lsi.model.catering.BonoCliente)
                            - SQL table alias mapping - bonoclient2_
                            - alias suffix - 3_
                            - suffixed key columns - {idbonocliente1_0_3_}
                      - JOIN (JoinDefinedByMetadata(direccionPostal)) : <gen:2> -> <gen:4>
                         - CompositeQuerySpaceImpl(uid=<gen:4>)
                            - SQL table alias mapping - cliente1_

[DEBUG] 2026-04-26 23:02:00.838 [main] CollectionLoader - Static select for collection es.ubu.lsi.model.catering.Menu.compras: select compras0_.IDMENU as idmenu5_2_0_, compras0_.cif as cif1_2_0_, compras0_.fecha as fecha2_2_0_, compras0_.cif as cif1_2_1_, compras0_.fecha as fecha2_2_1_, compras0_.importe as importe3_2_1_, compras0_.IDMENU as idmenu5_2_1_, compras0_.personas as personas4_2_1_, cliente1_.cif as cif1_1_2_, cliente1_.IDBONOCLIENTE as idbonocliente6_1_2_, cliente1_.descripcion as descripcion2_1_2_, cliente1_.ciudad as ciudad3_1_2_, cliente1_.cp as cp4_1_2_, cliente1_.direccion as direccion5_1_2_, bonoclient2_.idbonocliente as idbonocliente1_0_3_, bonoclient2_.bono as bono2_0_3_, bonoclient2_.descuento as descuento3_0_3_ from HR.Compra compras0_ left outer join HR.Cliente cliente1_ on compras0_.CIF=cliente1_.cif left outer join HR.BonoCliente bonoclient2_ on cliente1_.IDBONOCLIENTE=bonoclient2_.idbonocliente where compras0_.IDMENU=?
[DEBUG] 2026-04-26 23:02:00.838 [main] QuerySpacesImpl - Adding QuerySpace : uid = <gen:0> -> org.hibernate.loader.plan.build.internal.spaces.CollectionQuerySpaceImpl@5d152bcd]
[DEBUG] 2026-04-26 23:02:00.838 [main] QuerySpacesImpl - Adding QuerySpace : uid = <gen:1> -> org.hibernate.loader.plan.build.internal.spaces.EntityQuerySpaceImpl@43cb5f38]
[DEBUG] 2026-04-26 23:02:00.838 [main] QuerySpacesImpl - Adding QuerySpace : uid = <gen:1>-id -> org.hibernate.loader.plan.build.internal.spaces.CompositeQuerySpaceImpl@6435fa1c]
[DEBUG] 2026-04-26 23:02:00.839 [main] MetamodelGraphWalker - Visiting attribute path : cif
[DEBUG] 2026-04-26 23:02:00.839 [main] MetamodelGraphWalker - Visiting attribute path : fecha
[DEBUG] 2026-04-26 23:02:00.840 [main] MetamodelGraphWalker - Visiting attribute path : cliente
[DEBUG] 2026-04-26 23:02:00.840 [main] MetamodelGraphWalker - Property path deemed to be circular : cliente
[DEBUG] 2026-04-26 23:02:00.840 [main] MetamodelGraphWalker - Visiting attribute path : importe
[DEBUG] 2026-04-26 23:02:00.840 [main] MetamodelGraphWalker - Visiting attribute path : menu
[DEBUG] 2026-04-26 23:02:00.841 [main] QuerySpacesImpl - Adding QuerySpace : uid = <gen:2> -> org.hibernate.loader.plan.build.internal.spaces.EntityQuerySpaceImpl@53f0d09c]
[DEBUG] 2026-04-26 23:02:00.841 [main] MetamodelGraphWalker - Visiting attribute path : menu.compras
[DEBUG] 2026-04-26 23:02:00.841 [main] MetamodelGraphWalker - Property path deemed to be circular : menu.compras
[DEBUG] 2026-04-26 23:02:00.841 [main] MetamodelGraphWalker - Visiting attribute path : menu.descripcion
[DEBUG] 2026-04-26 23:02:00.841 [main] MetamodelGraphWalker - Visiting attribute path : menu.precio
[DEBUG] 2026-04-26 23:02:00.842 [main] MetamodelGraphWalker - Visiting attribute path : personas
[DEBUG] 2026-04-26 23:02:00.842 [main] FetchStyleLoadPlanBuildingAssociationVisitationStrategy - Building LoadPlan...
[DEBUG] 2026-04-26 23:02:00.843 [main] LoadQueryJoinAndFetchProcessor - processing queryspace <gen:0>
[DEBUG] 2026-04-26 23:02:00.843 [main] LoadPlanTreePrinter - LoadPlan(collection=es.ubu.lsi.model.catering.Cliente.compras)
    - Returns
       - CollectionReturnImpl(collection=es.ubu.lsi.model.catering.Cliente.compras, querySpaceUid=<gen:0>, path=[es.ubu.lsi.model.catering.Cliente.compras])
          - (collection element) CollectionFetchableElementEntityGraph(entity=es.ubu.lsi.model.catering.Compra, querySpaceUid=<gen:1>, path=[es.ubu.lsi.model.catering.Cliente.compras].<elements>)
             - EntityAttributeFetchImpl(entity=es.ubu.lsi.model.catering.Menu, querySpaceUid=<gen:2>, path=[es.ubu.lsi.model.catering.Cliente.compras].<elements>.menu)
    - QuerySpaces
       - CollectionQuerySpaceImpl(uid=<gen:0>, collection=es.ubu.lsi.model.catering.Cliente.compras)
          - SQL table alias mapping - compras0_
          - alias suffix - 0_
          - suffixed key columns - {cif1_2_0_}
          - entity-element alias suffix - 1_
          - 1_entity-element suffixed key columns - cif1_2_1_, fecha2_2_1_
          - JOIN (JoinDefinedByMetadata(elements)) : <gen:0> -> <gen:1>
             - EntityQuerySpaceImpl(uid=<gen:1>, entity=es.ubu.lsi.model.catering.Compra)
                - SQL table alias mapping - compras0_
                - alias suffix - 1_
                - suffixed key columns - {cif1_2_1_, fecha2_2_1_}
                - JOIN (JoinDefinedByMetadata(id)) : <gen:1> -> <gen:1>-id
                   - CompositeQuerySpaceImpl(uid=<gen:1>-id)
                      - SQL table alias mapping - compras0_
                - JOIN (JoinDefinedByMetadata(menu)) : <gen:1> -> <gen:2>
                   - EntityQuerySpaceImpl(uid=<gen:2>, entity=es.ubu.lsi.model.catering.Menu)
                      - SQL table alias mapping - menu1_
                      - alias suffix - 2_
                      - suffixed key columns - {idmenu1_3_2_}

[DEBUG] 2026-04-26 23:02:00.844 [main] CollectionLoader - Static select for collection es.ubu.lsi.model.catering.Cliente.compras: select compras0_.CIF as cif1_2_0_, compras0_.fecha as fecha2_2_0_, compras0_.cif as cif1_2_1_, compras0_.fecha as fecha2_2_1_, compras0_.importe as importe3_2_1_, compras0_.IDMENU as idmenu5_2_1_, compras0_.personas as personas4_2_1_, menu1_.idmenu as idmenu1_3_2_, menu1_.descripcion as descripcion2_3_2_, menu1_.precio as precio3_3_2_ from HR.Compra compras0_ left outer join HR.Menu menu1_ on compras0_.IDMENU=menu1_.idmenu where compras0_.CIF=?
[DEBUG] 2026-04-26 23:02:00.878 [main] SchemaManagementToolCoordinator - No actions specified; doing nothing
[DEBUG] 2026-04-26 23:02:00.879 [main] JtaPlatformInitiator - No JtaPlatform was specified, checking resolver
[DEBUG] 2026-04-26 23:02:00.879 [main] JtaPlatformResolverInitiator - No JtaPlatformResolver was specified, using default [org.hibernate.engine.transaction.jta.platform.internal.StandardJtaPlatformResolver]
[DEBUG] 2026-04-26 23:02:00.883 [main] StandardJtaPlatformResolver - Could not resolve JtaPlatform, using default [org.hibernate.engine.transaction.jta.platform.internal.NoJtaPlatform]
[INFO ] 2026-04-26 23:02:00.884 [main] JtaPlatformInitiator - HHH000490: Using JtaPlatform implementation: [org.hibernate.engine.transaction.jta.platform.internal.NoJtaPlatform]
[DEBUG] 2026-04-26 23:02:00.884 [main] NamedQueryRepository - Checking 4 named HQL queries
[DEBUG] 2026-04-26 23:02:00.885 [main] NamedQueryRepository - Checking named query: Menu.findAll
[DEBUG] 2026-04-26 23:02:00.890 [main] StatisticsInitiator - Statistics initialized [enabled=false]
[DEBUG] 2026-04-26 23:02:00.899 [main] QueryTranslatorFactoryInitiator - QueryTranslatorFactory: org.hibernate.hql.internal.ast.ASTQueryTranslatorFactory@704067c6
[DEBUG] 2026-04-26 23:02:00.935 [main] QueryTranslatorImpl - parse() - HQL: SELECT m FROM es.ubu.lsi.model.catering.Menu m
[DEBUG] 2026-04-26 23:02:00.949 [main] ErrorTracker - throwQueryException() : no errors
[DEBUG] 2026-04-26 23:02:00.960 [main] QueryTranslatorImpl - --- HQL AST ---
 \-[QUERY] Node: 'query'
    \-[SELECT_FROM] Node: 'SELECT_FROM'
       +-[FROM] Node: 'FROM'
       |  \-[RANGE] Node: 'RANGE'
       |     +-[DOT] Node: '.'
       |     |  +-[DOT] Node: '.'
       |     |  |  +-[DOT] Node: '.'
       |     |  |  |  +-[DOT] Node: '.'
       |     |  |  |  |  +-[DOT] Node: '.'
       |     |  |  |  |  |  +-[IDENT] Node: 'es'
       |     |  |  |  |  |  \-[IDENT] Node: 'ubu'
       |     |  |  |  |  \-[IDENT] Node: 'lsi'
       |     |  |  |  \-[IDENT] Node: 'model'
       |     |  |  \-[IDENT] Node: 'catering'
       |     |  \-[IDENT] Node: 'Menu'
       |     \-[ALIAS] Node: 'm'
       \-[SELECT] Node: 'SELECT'
          \-[IDENT] Node: 'm'

[DEBUG] 2026-04-26 23:02:00.981 [main] HqlSqlBaseWalker - select << begin [level=1, statement=select]
[DEBUG] 2026-04-26 23:02:00.992 [main] FromElement - FromClause{level=1} : es.ubu.lsi.model.catering.Menu (m) -> menu0_
[DEBUG] 2026-04-26 23:02:00.993 [main] FromReferenceNode - Resolved : m -> menu0_.idmenu
[DEBUG] 2026-04-26 23:02:00.995 [main] HqlSqlBaseWalker - select : finishing up [level=1, statement=select]
[DEBUG] 2026-04-26 23:02:00.996 [main] HqlSqlWalker - processQuery() :  ( SELECT ( {select clause} menu0_.idmenu ) ( FromClause{level=1} HR.Menu menu0_ ) )
[DEBUG] 2026-04-26 23:02:01.003 [main] JoinProcessor - Tables referenced from query nodes:
 \-QueryNode
    +-SelectClause
    | referencedTables(entity Menu): [HR.Menu]
    |  +-IdentNode
    |  | persister: SingleTableEntityPersister(es.ubu.lsi.model.catering.Menu)
    |  | originalText: m
    |  \-SqlFragment
    \-FromClause
       \-FromElement

[DEBUG] 2026-04-26 23:02:01.008 [main] JoinProcessor - Using FROM fragment [HR.Menu menu0_]
[DEBUG] 2026-04-26 23:02:01.008 [main] HqlSqlBaseWalker - select >> end [level=1, statement=select]
[DEBUG] 2026-04-26 23:02:01.009 [main] QueryTranslatorImpl - --- SQL AST ---
 \-[SELECT] QueryNode: 'SELECT'  querySpaces (HR.Menu)
    +-[SELECT_CLAUSE] SelectClause: '{select clause}'
    |  +-[ALIAS_REF] IdentNode: 'menu0_.idmenu as idmenu1_3_' {alias=m, className=es.ubu.lsi.model.catering.Menu, tableAlias=menu0_}
    |  \-[SQL_TOKEN] SqlFragment: 'menu0_.descripcion as descripcion2_3_, menu0_.precio as precio3_3_'
    \-[FROM] FromClause: 'FROM' FromClause{level=1, fromElementCounter=1, fromElements=1, fromElementByClassAlias=[m], fromElementByTableAlias=[menu0_], fromElementsByPath=[], collectionJoinFromElementsByPath=[], impliedElements=[]}
       \-[FROM_FRAGMENT] FromElement: 'HR.Menu menu0_' FromElement{explicit,not a collection join,not a fetch join,fetch non-lazy properties,classAlias=m,role=null,tableName=HR.Menu,tableAlias=menu0_,origin=null,columns={,className=es.ubu.lsi.model.catering.Menu}}

[DEBUG] 2026-04-26 23:02:01.009 [main] ErrorTracker - throwQueryException() : no errors
[DEBUG] 2026-04-26 23:02:01.015 [main] QueryTranslatorImpl - HQL: SELECT m FROM es.ubu.lsi.model.catering.Menu m
[DEBUG] 2026-04-26 23:02:01.016 [main] QueryTranslatorImpl - SQL: select menu0_.idmenu as idmenu1_3_, menu0_.descripcion as descripcion2_3_, menu0_.precio as precio3_3_ from HR.Menu menu0_
[DEBUG] 2026-04-26 23:02:01.016 [main] ErrorTracker - throwQueryException() : no errors
[DEBUG] 2026-04-26 23:02:01.019 [main] NamedQueryRepository - Checking named query: Compra.findAll
[DEBUG] 2026-04-26 23:02:01.020 [main] QueryTranslatorImpl - parse() - HQL: SELECT c FROM es.ubu.lsi.model.catering.Compra c
[DEBUG] 2026-04-26 23:02:01.021 [main] ErrorTracker - throwQueryException() : no errors
[DEBUG] 2026-04-26 23:02:01.022 [main] QueryTranslatorImpl - --- HQL AST ---
 \-[QUERY] Node: 'query'
    \-[SELECT_FROM] Node: 'SELECT_FROM'
       +-[FROM] Node: 'FROM'
       |  \-[RANGE] Node: 'RANGE'
       |     +-[DOT] Node: '.'
       |     |  +-[DOT] Node: '.'
       |     |  |  +-[DOT] Node: '.'
       |     |  |  |  +-[DOT] Node: '.'
       |     |  |  |  |  +-[DOT] Node: '.'
       |     |  |  |  |  |  +-[IDENT] Node: 'es'
       |     |  |  |  |  |  \-[IDENT] Node: 'ubu'
       |     |  |  |  |  \-[IDENT] Node: 'lsi'
       |     |  |  |  \-[IDENT] Node: 'model'
       |     |  |  \-[IDENT] Node: 'catering'
       |     |  \-[IDENT] Node: 'Compra'
       |     \-[ALIAS] Node: 'c'
       \-[SELECT] Node: 'SELECT'
          \-[IDENT] Node: 'c'

[DEBUG] 2026-04-26 23:02:01.022 [main] HqlSqlBaseWalker - select << begin [level=1, statement=select]
[DEBUG] 2026-04-26 23:02:01.022 [main] FromElement - FromClause{level=1} : es.ubu.lsi.model.catering.Compra (c) -> compra0_
[DEBUG] 2026-04-26 23:02:01.023 [main] FromReferenceNode - Resolved : c -> (compra0_.cif, compra0_.fecha)
[DEBUG] 2026-04-26 23:02:01.023 [main] HqlSqlBaseWalker - select : finishing up [level=1, statement=select]
[DEBUG] 2026-04-26 23:02:01.023 [main] HqlSqlWalker - processQuery() :  ( SELECT ( {select clause} (compra0_.cif, compra0_.fecha) ) ( FromClause{level=1} HR.Compra compra0_ ) )
[DEBUG] 2026-04-26 23:02:01.023 [main] JoinProcessor - Tables referenced from query nodes:
 \-QueryNode
    +-SelectClause
    | referencedTables(entity Compra): [HR.Compra]
    |  +-IdentNode
    |  | persister: SingleTableEntityPersister(es.ubu.lsi.model.catering.Compra)
    |  | originalText: c
    |  \-SqlFragment
    \-FromClause
       \-FromElement

[DEBUG] 2026-04-26 23:02:01.024 [main] JoinProcessor - Using FROM fragment [HR.Compra compra0_]
[DEBUG] 2026-04-26 23:02:01.024 [main] HqlSqlBaseWalker - select >> end [level=1, statement=select]
[DEBUG] 2026-04-26 23:02:01.024 [main] QueryTranslatorImpl - --- SQL AST ---
 \-[SELECT] QueryNode: 'SELECT'  querySpaces (HR.Compra)
    +-[SELECT_CLAUSE] SelectClause: '{select clause}'
    |  +-[ALIAS_REF] IdentNode: 'compra0_.cif as cif1_2_, compra0_.fecha as fecha2_2_' {alias=c, className=es.ubu.lsi.model.catering.Compra, tableAlias=compra0_}
    |  \-[SQL_TOKEN] SqlFragment: 'compra0_.importe as importe3_2_, compra0_.IDMENU as idmenu5_2_, compra0_.personas as personas4_2_'
    \-[FROM] FromClause: 'FROM' FromClause{level=1, fromElementCounter=1, fromElements=1, fromElementByClassAlias=[c], fromElementByTableAlias=[compra0_], fromElementsByPath=[], collectionJoinFromElementsByPath=[], impliedElements=[]}
       \-[FROM_FRAGMENT] FromElement: 'HR.Compra compra0_' FromElement{explicit,not a collection join,not a fetch join,fetch non-lazy properties,classAlias=c,role=null,tableName=HR.Compra,tableAlias=compra0_,origin=null,columns={,className=es.ubu.lsi.model.catering.Compra}}

[DEBUG] 2026-04-26 23:02:01.024 [main] ErrorTracker - throwQueryException() : no errors
[DEBUG] 2026-04-26 23:02:01.024 [main] QueryTranslatorImpl - HQL: SELECT c FROM es.ubu.lsi.model.catering.Compra c
[DEBUG] 2026-04-26 23:02:01.025 [main] QueryTranslatorImpl - SQL: select compra0_.cif as cif1_2_, compra0_.fecha as fecha2_2_, compra0_.importe as importe3_2_, compra0_.IDMENU as idmenu5_2_, compra0_.personas as personas4_2_ from HR.Compra compra0_
[DEBUG] 2026-04-26 23:02:01.025 [main] ErrorTracker - throwQueryException() : no errors
[DEBUG] 2026-04-26 23:02:01.025 [main] NamedQueryRepository - Checking named query: BonoCliente.findAll
[DEBUG] 2026-04-26 23:02:01.026 [main] QueryTranslatorImpl - parse() - HQL: SELECT b FROM es.ubu.lsi.model.catering.BonoCliente b
[DEBUG] 2026-04-26 23:02:01.026 [main] ErrorTracker - throwQueryException() : no errors
[DEBUG] 2026-04-26 23:02:01.027 [main] QueryTranslatorImpl - --- HQL AST ---
 \-[QUERY] Node: 'query'
    \-[SELECT_FROM] Node: 'SELECT_FROM'
       +-[FROM] Node: 'FROM'
       |  \-[RANGE] Node: 'RANGE'
       |     +-[DOT] Node: '.'
       |     |  +-[DOT] Node: '.'
       |     |  |  +-[DOT] Node: '.'
       |     |  |  |  +-[DOT] Node: '.'
       |     |  |  |  |  +-[DOT] Node: '.'
       |     |  |  |  |  |  +-[IDENT] Node: 'es'
       |     |  |  |  |  |  \-[IDENT] Node: 'ubu'
       |     |  |  |  |  \-[IDENT] Node: 'lsi'
       |     |  |  |  \-[IDENT] Node: 'model'
       |     |  |  \-[IDENT] Node: 'catering'
       |     |  \-[IDENT] Node: 'BonoCliente'
       |     \-[ALIAS] Node: 'b'
       \-[SELECT] Node: 'SELECT'
          \-[IDENT] Node: 'b'

[DEBUG] 2026-04-26 23:02:01.027 [main] HqlSqlBaseWalker - select << begin [level=1, statement=select]
[DEBUG] 2026-04-26 23:02:01.028 [main] FromElement - FromClause{level=1} : es.ubu.lsi.model.catering.BonoCliente (b) -> bonoclient0_
[DEBUG] 2026-04-26 23:02:01.028 [main] FromReferenceNode - Resolved : b -> bonoclient0_.idbonocliente
[DEBUG] 2026-04-26 23:02:01.029 [main] HqlSqlBaseWalker - select : finishing up [level=1, statement=select]
[DEBUG] 2026-04-26 23:02:01.029 [main] HqlSqlWalker - processQuery() :  ( SELECT ( {select clause} bonoclient0_.idbonocliente ) ( FromClause{level=1} HR.BonoCliente bonoclient0_ ) )
[DEBUG] 2026-04-26 23:02:01.029 [main] JoinProcessor - Tables referenced from query nodes:
 \-QueryNode
    +-SelectClause
    | referencedTables(entity BonoCliente): [HR.BonoCliente]
    |  +-IdentNode
    |  | persister: SingleTableEntityPersister(es.ubu.lsi.model.catering.BonoCliente)
    |  | originalText: b
    |  \-SqlFragment
    \-FromClause
       \-FromElement

[DEBUG] 2026-04-26 23:02:01.029 [main] JoinProcessor - Using FROM fragment [HR.BonoCliente bonoclient0_]
[DEBUG] 2026-04-26 23:02:01.030 [main] HqlSqlBaseWalker - select >> end [level=1, statement=select]
[DEBUG] 2026-04-26 23:02:01.030 [main] QueryTranslatorImpl - --- SQL AST ---
 \-[SELECT] QueryNode: 'SELECT'  querySpaces (HR.BonoCliente)
    +-[SELECT_CLAUSE] SelectClause: '{select clause}'
    |  +-[ALIAS_REF] IdentNode: 'bonoclient0_.idbonocliente as idbonocliente1_0_' {alias=b, className=es.ubu.lsi.model.catering.BonoCliente, tableAlias=bonoclient0_}
    |  \-[SQL_TOKEN] SqlFragment: 'bonoclient0_.bono as bono2_0_, bonoclient0_.descuento as descuento3_0_'
    \-[FROM] FromClause: 'FROM' FromClause{level=1, fromElementCounter=1, fromElements=1, fromElementByClassAlias=[b], fromElementByTableAlias=[bonoclient0_], fromElementsByPath=[], collectionJoinFromElementsByPath=[], impliedElements=[]}
       \-[FROM_FRAGMENT] FromElement: 'HR.BonoCliente bonoclient0_' FromElement{explicit,not a collection join,not a fetch join,fetch non-lazy properties,classAlias=b,role=null,tableName=HR.BonoCliente,tableAlias=bonoclient0_,origin=null,columns={,className=es.ubu.lsi.model.catering.BonoCliente}}

[DEBUG] 2026-04-26 23:02:01.030 [main] ErrorTracker - throwQueryException() : no errors
[DEBUG] 2026-04-26 23:02:01.030 [main] QueryTranslatorImpl - HQL: SELECT b FROM es.ubu.lsi.model.catering.BonoCliente b
[DEBUG] 2026-04-26 23:02:01.030 [main] QueryTranslatorImpl - SQL: select bonoclient0_.idbonocliente as idbonocliente1_0_, bonoclient0_.bono as bono2_0_, bonoclient0_.descuento as descuento3_0_ from HR.BonoCliente bonoclient0_
[DEBUG] 2026-04-26 23:02:01.030 [main] ErrorTracker - throwQueryException() : no errors
[DEBUG] 2026-04-26 23:02:01.031 [main] NamedQueryRepository - Checking named query: Cliente.findAll
[DEBUG] 2026-04-26 23:02:01.031 [main] QueryTranslatorImpl - parse() - HQL: SELECT c FROM es.ubu.lsi.model.catering.Cliente c
[DEBUG] 2026-04-26 23:02:01.032 [main] ErrorTracker - throwQueryException() : no errors
[DEBUG] 2026-04-26 23:02:01.033 [main] QueryTranslatorImpl - --- HQL AST ---
 \-[QUERY] Node: 'query'
    \-[SELECT_FROM] Node: 'SELECT_FROM'
       +-[FROM] Node: 'FROM'
       |  \-[RANGE] Node: 'RANGE'
       |     +-[DOT] Node: '.'
       |     |  +-[DOT] Node: '.'
       |     |  |  +-[DOT] Node: '.'
       |     |  |  |  +-[DOT] Node: '.'
       |     |  |  |  |  +-[DOT] Node: '.'
       |     |  |  |  |  |  +-[IDENT] Node: 'es'
       |     |  |  |  |  |  \-[IDENT] Node: 'ubu'
       |     |  |  |  |  \-[IDENT] Node: 'lsi'
       |     |  |  |  \-[IDENT] Node: 'model'
       |     |  |  \-[IDENT] Node: 'catering'
       |     |  \-[IDENT] Node: 'Cliente'
       |     \-[ALIAS] Node: 'c'
       \-[SELECT] Node: 'SELECT'
          \-[IDENT] Node: 'c'

[DEBUG] 2026-04-26 23:02:01.033 [main] HqlSqlBaseWalker - select << begin [level=1, statement=select]
[DEBUG] 2026-04-26 23:02:01.034 [main] FromElement - FromClause{level=1} : es.ubu.lsi.model.catering.Cliente (c) -> cliente0_
[DEBUG] 2026-04-26 23:02:01.034 [main] FromReferenceNode - Resolved : c -> cliente0_.cif
[DEBUG] 2026-04-26 23:02:01.034 [main] HqlSqlBaseWalker - select : finishing up [level=1, statement=select]
[DEBUG] 2026-04-26 23:02:01.034 [main] HqlSqlWalker - processQuery() :  ( SELECT ( {select clause} cliente0_.cif ) ( FromClause{level=1} HR.Cliente cliente0_ ) )
[DEBUG] 2026-04-26 23:02:01.035 [main] JoinProcessor - Tables referenced from query nodes:
 \-QueryNode
    +-SelectClause
    | referencedTables(entity Cliente): [HR.Cliente]
    |  +-IdentNode
    |  | persister: SingleTableEntityPersister(es.ubu.lsi.model.catering.Cliente)
    |  | originalText: c
    |  \-SqlFragment
    \-FromClause
       \-FromElement

[DEBUG] 2026-04-26 23:02:01.035 [main] JoinProcessor - Using FROM fragment [HR.Cliente cliente0_]
[DEBUG] 2026-04-26 23:02:01.035 [main] HqlSqlBaseWalker - select >> end [level=1, statement=select]
[DEBUG] 2026-04-26 23:02:01.036 [main] QueryTranslatorImpl - --- SQL AST ---
 \-[SELECT] QueryNode: 'SELECT'  querySpaces (HR.Cliente)
    +-[SELECT_CLAUSE] SelectClause: '{select clause}'
    |  +-[ALIAS_REF] IdentNode: 'cliente0_.cif as cif1_1_' {alias=c, className=es.ubu.lsi.model.catering.Cliente, tableAlias=cliente0_}
    |  \-[SQL_TOKEN] SqlFragment: 'cliente0_.IDBONOCLIENTE as idbonocliente6_1_, cliente0_.descripcion as descripcion2_1_, cliente0_.ciudad as ciudad3_1_, cliente0_.cp as cp4_1_, cliente0_.direccion as direccion5_1_'
    \-[FROM] FromClause: 'FROM' FromClause{level=1, fromElementCounter=1, fromElements=1, fromElementByClassAlias=[c], fromElementByTableAlias=[cliente0_], fromElementsByPath=[], collectionJoinFromElementsByPath=[], impliedElements=[]}
       \-[FROM_FRAGMENT] FromElement: 'HR.Cliente cliente0_' FromElement{explicit,not a collection join,not a fetch join,fetch non-lazy properties,classAlias=c,role=null,tableName=HR.Cliente,tableAlias=cliente0_,origin=null,columns={,className=es.ubu.lsi.model.catering.Cliente}}

[DEBUG] 2026-04-26 23:02:01.036 [main] ErrorTracker - throwQueryException() : no errors
[DEBUG] 2026-04-26 23:02:01.036 [main] QueryTranslatorImpl - HQL: SELECT c FROM es.ubu.lsi.model.catering.Cliente c
[DEBUG] 2026-04-26 23:02:01.036 [main] QueryTranslatorImpl - SQL: select cliente0_.cif as cif1_1_, cliente0_.IDBONOCLIENTE as idbonocliente6_1_, cliente0_.descripcion as descripcion2_1_, cliente0_.ciudad as ciudad3_1_, cliente0_.cp as cp4_1_, cliente0_.direccion as direccion5_1_ from HR.Cliente cliente0_
[DEBUG] 2026-04-26 23:02:01.036 [main] ErrorTracker - throwQueryException() : no errors
[DEBUG] 2026-04-26 23:02:01.037 [main] NamedQueryRepository - Checking 0 named SQL queries
[DEBUG] 2026-04-26 23:02:01.045 [main] SessionFactoryRegistry - Initializing SessionFactoryRegistry : org.hibernate.internal.SessionFactoryRegistry@4e140497
[DEBUG] 2026-04-26 23:02:01.046 [main] SessionFactoryRegistry - Registering SessionFactory: 6a100ace-cd0f-4132-8b78-2b7dd81c1db7 (<unnamed>)
[DEBUG] 2026-04-26 23:02:01.046 [main] SessionFactoryRegistry - Not binding SessionFactory to JNDI, no JNDI name configured
[DEBUG] 2026-04-26 23:02:01.105 [main] TransactionImpl - On TransactionImpl creation, JpaCompliance#isJpaTransactionComplianceEnabled == false
[DEBUG] 2026-04-26 23:02:01.105 [main] TransactionImpl - begin
[DEBUG] 2026-04-26 23:02:01.118 [main] SqlStatementLogger - select cliente0_.cif as cif1_1_0_, cliente0_.IDBONOCLIENTE as idbonocliente6_1_0_, cliente0_.descripcion as descripcion2_1_0_, cliente0_.ciudad as ciudad3_1_0_, cliente0_.cp as cp4_1_0_, cliente0_.direccion as direccion5_1_0_, bonoclient1_.idbonocliente as idbonocliente1_0_1_, bonoclient1_.bono as bono2_0_1_, bonoclient1_.descuento as descuento3_0_1_ from HR.Cliente cliente0_ left outer join HR.BonoCliente bonoclient1_ on cliente0_.IDBONOCLIENTE=bonoclient1_.idbonocliente where cliente0_.cif=?
[DEBUG] 2026-04-26 23:02:01.174 [main] EntityReferenceInitializerImpl - On call to EntityIdentifierReaderImpl#resolve, EntityKey was already known; should only happen on root returns with an optional identifier specified
[DEBUG] 2026-04-26 23:02:01.183 [main] TwoPhaseLoad - Resolving attributes for [es.ubu.lsi.model.catering.Cliente#B10000000]
[DEBUG] 2026-04-26 23:02:01.183 [main] TwoPhaseLoad - Processing attribute `bonoCliente` : value = 1
[DEBUG] 2026-04-26 23:02:01.183 [main] TwoPhaseLoad - Attribute (`bonoCliente`)  - enhanced for lazy-loading? - false
[DEBUG] 2026-04-26 23:02:01.184 [main] TwoPhaseLoad - Processing attribute `compras` : value = NOT NULL COLLECTION
[DEBUG] 2026-04-26 23:02:01.184 [main] TwoPhaseLoad - Attribute (`compras`)  - enhanced for lazy-loading? - false
[DEBUG] 2026-04-26 23:02:01.191 [main] TwoPhaseLoad - Processing attribute `descripcion` : value = Insituto Derby
[DEBUG] 2026-04-26 23:02:01.191 [main] TwoPhaseLoad - Attribute (`descripcion`)  - enhanced for lazy-loading? - false
[DEBUG] 2026-04-26 23:02:01.191 [main] TwoPhaseLoad - Processing attribute `direccionPostal` : value = [Ljava.lang.Object;@102c18e
[DEBUG] 2026-04-26 23:02:01.192 [main] TwoPhaseLoad - Attribute (`direccionPostal`)  - enhanced for lazy-loading? - false
[DEBUG] 2026-04-26 23:02:01.192 [main] TwoPhaseLoad - Done materializing entity [es.ubu.lsi.model.catering.Cliente#B10000000]
[DEBUG] 2026-04-26 23:02:01.193 [main] TwoPhaseLoad - Resolving attributes for [es.ubu.lsi.model.catering.BonoCliente#1]
[DEBUG] 2026-04-26 23:02:01.193 [main] TwoPhaseLoad - Processing attribute `bono` : value = SIN DESCUENTO
[DEBUG] 2026-04-26 23:02:01.193 [main] TwoPhaseLoad - Attribute (`bono`)  - enhanced for lazy-loading? - false
[DEBUG] 2026-04-26 23:02:01.193 [main] TwoPhaseLoad - Processing attribute `clientes` : value = NOT NULL COLLECTION
[DEBUG] 2026-04-26 23:02:01.193 [main] TwoPhaseLoad - Attribute (`clientes`)  - enhanced for lazy-loading? - false
[DEBUG] 2026-04-26 23:02:01.193 [main] TwoPhaseLoad - Processing attribute `descuento` : value = 0.0
[DEBUG] 2026-04-26 23:02:01.193 [main] TwoPhaseLoad - Attribute (`descuento`)  - enhanced for lazy-loading? - false
[DEBUG] 2026-04-26 23:02:01.194 [main] TwoPhaseLoad - Done materializing entity [es.ubu.lsi.model.catering.BonoCliente#1]
[DEBUG] 2026-04-26 23:02:01.196 [main] AbstractLoadPlanBasedEntityLoader - Done entity load : es.ubu.lsi.model.catering.Cliente#B10000000
[DEBUG] 2026-04-26 23:02:01.196 [main] SqlStatementLogger - select menu0_.idmenu as idmenu1_3_0_, menu0_.descripcion as descripcion2_3_0_, menu0_.precio as precio3_3_0_ from HR.Menu menu0_ where menu0_.idmenu=?
[DEBUG] 2026-04-26 23:02:01.204 [main] EntityReferenceInitializerImpl - On call to EntityIdentifierReaderImpl#resolve, EntityKey was already known; should only happen on root returns with an optional identifier specified
[DEBUG] 2026-04-26 23:02:01.207 [main] TwoPhaseLoad - Resolving attributes for [es.ubu.lsi.model.catering.Menu#1]
[DEBUG] 2026-04-26 23:02:01.207 [main] TwoPhaseLoad - Processing attribute `compras` : value = NOT NULL COLLECTION
[DEBUG] 2026-04-26 23:02:01.207 [main] TwoPhaseLoad - Attribute (`compras`)  - enhanced for lazy-loading? - false
[DEBUG] 2026-04-26 23:02:01.207 [main] TwoPhaseLoad - Processing attribute `descripcion` : value = MENU ESTANDAR
[DEBUG] 2026-04-26 23:02:01.207 [main] TwoPhaseLoad - Attribute (`descripcion`)  - enhanced for lazy-loading? - false
[DEBUG] 2026-04-26 23:02:01.207 [main] TwoPhaseLoad - Processing attribute `precio` : value = 12.5
[DEBUG] 2026-04-26 23:02:01.207 [main] TwoPhaseLoad - Attribute (`precio`)  - enhanced for lazy-loading? - false
[DEBUG] 2026-04-26 23:02:01.208 [main] TwoPhaseLoad - Done materializing entity [es.ubu.lsi.model.catering.Menu#1]
[DEBUG] 2026-04-26 23:02:01.208 [main] AbstractLoadPlanBasedEntityLoader - Done entity load : es.ubu.lsi.model.catering.Menu#1
[DEBUG] 2026-04-26 23:02:01.230 [main] SqlStatementLogger - select compra0_.cif as cif1_2_0_, compra0_.fecha as fecha2_2_0_, compra0_.importe as importe3_2_0_, compra0_.IDMENU as idmenu5_2_0_, compra0_.personas as personas4_2_0_, cliente1_.cif as cif1_1_1_, cliente1_.IDBONOCLIENTE as idbonocliente6_1_1_, cliente1_.descripcion as descripcion2_1_1_, cliente1_.ciudad as ciudad3_1_1_, cliente1_.cp as cp4_1_1_, cliente1_.direccion as direccion5_1_1_, bonoclient2_.idbonocliente as idbonocliente1_0_2_, bonoclient2_.bono as bono2_0_2_, bonoclient2_.descuento as descuento3_0_2_, menu3_.idmenu as idmenu1_3_3_, menu3_.descripcion as descripcion2_3_3_, menu3_.precio as precio3_3_3_ from HR.Compra compra0_ left outer join HR.Cliente cliente1_ on compra0_.CIF=cliente1_.cif left outer join HR.BonoCliente bonoclient2_ on cliente1_.IDBONOCLIENTE=bonoclient2_.idbonocliente left outer join HR.Menu menu3_ on compra0_.IDMENU=menu3_.idmenu where compra0_.cif=? and compra0_.fecha=?
[DEBUG] 2026-04-26 23:02:01.247 [main] AbstractLoadPlanBasedEntityLoader - Done entity load : es.ubu.lsi.model.catering.Compra#CompraPK [fecha=Wed May 15 16:00:00 CEST 2019, cif=B10000000]
[DEBUG] 2026-04-26 23:02:01.251 [main] AbstractSaveEventListener - Generated identifier: component[cif,fecha]{cif=B10000000, fecha=Wed May 15 16:00:00 CEST 2019}, using strategy: org.hibernate.id.CompositeNestedGeneratedValueGenerator
[DEBUG] 2026-04-26 23:02:01.257 [main] TransactionImpl - committing
[DEBUG] 2026-04-26 23:02:01.258 [main] AbstractFlushingEventListener - Processing flush-time cascades
[DEBUG] 2026-04-26 23:02:01.259 [main] AbstractFlushingEventListener - Dirty checking collections
[DEBUG] 2026-04-26 23:02:01.263 [main] Collections - Collection found: [es.ubu.lsi.model.catering.Cliente.compras#B10000000], was: [es.ubu.lsi.model.catering.Cliente.compras#B10000000] (uninitialized)
[DEBUG] 2026-04-26 23:02:01.263 [main] Collections - Collection found: [es.ubu.lsi.model.catering.BonoCliente.clientes#1], was: [es.ubu.lsi.model.catering.BonoCliente.clientes#1] (uninitialized)
[DEBUG] 2026-04-26 23:02:01.263 [main] Collections - Collection found: [es.ubu.lsi.model.catering.Menu.compras#1], was: [es.ubu.lsi.model.catering.Menu.compras#1] (uninitialized)
[DEBUG] 2026-04-26 23:02:01.265 [main] AbstractFlushingEventListener - Flushed: 1 insertions, 0 updates, 0 deletions to 4 objects
[DEBUG] 2026-04-26 23:02:01.265 [main] AbstractFlushingEventListener - Flushed: 0 (re)creations, 0 updates, 0 removals to 3 collections
[DEBUG] 2026-04-26 23:02:01.266 [main] EntityPrinter - Listing entities:
[DEBUG] 2026-04-26 23:02:01.266 [main] EntityPrinter - es.ubu.lsi.model.catering.BonoCliente{bono=SIN DESCUENTO, descuento=0.0, clientes=<uninitialized>, idbonocliente=1}
[DEBUG] 2026-04-26 23:02:01.266 [main] EntityPrinter - es.ubu.lsi.model.catering.Compra{cliente=es.ubu.lsi.model.catering.Cliente#B10000000, id=component[cif,fecha]{cif=B10000000, fecha=Wed May 15 16:00:00 CEST 2019}, menu=es.ubu.lsi.model.catering.Menu#1, importe=375.0, personas=30}
[DEBUG] 2026-04-26 23:02:01.266 [main] EntityPrinter - es.ubu.lsi.model.catering.Cliente{descripcion=Insituto Derby, direccionPostal=component[ciudad,cp,direccion]{ciudad=Burgos, direccion=C/Zaragoza 57, cp=09003}, cif=B10000000, compras=<uninitialized>, bonoCliente=es.ubu.lsi.model.catering.BonoCliente#1}
[DEBUG] 2026-04-26 23:02:01.267 [main] EntityPrinter - es.ubu.lsi.model.catering.Menu{descripcion=MENU ESTANDAR, compras=<uninitialized>, precio=12.5, idmenu=1}
[DEBUG] 2026-04-26 23:02:01.269 [main] SqlStatementLogger - insert into HR.Compra (importe, IDMENU, personas, cif, fecha) values (?, ?, ?, ?, ?)
[DEBUG] 2026-04-26 23:02:01.280 [main] LogicalConnectionManagedImpl - Initiating JDBC connection release from afterTransaction
[DEBUG] 2026-04-26 23:02:01.281 [main] LogicalConnectionManagedImpl - Initiating JDBC connection release from afterTransaction
[DEBUG] 2026-04-26 23:02:01.650 [main] TestClient - 12/04/19 10:00:00,000000-20-250
13/04/19 11:00:00,000000-30-375
14/04/19 11:00:00,000000-15-187,5
15/05/19 16:00:00,000000-30-375

[DEBUG] 2026-04-26 23:02:01.652 [main] TransactionImpl - On TransactionImpl creation, JpaCompliance#isJpaTransactionComplianceEnabled == false
[DEBUG] 2026-04-26 23:02:01.652 [main] TransactionImpl - begin
[DEBUG] 2026-04-26 23:02:01.652 [main] SqlStatementLogger - select cliente0_.cif as cif1_1_0_, cliente0_.IDBONOCLIENTE as idbonocliente6_1_0_, cliente0_.descripcion as descripcion2_1_0_, cliente0_.ciudad as ciudad3_1_0_, cliente0_.cp as cp4_1_0_, cliente0_.direccion as direccion5_1_0_, bonoclient1_.idbonocliente as idbonocliente1_0_1_, bonoclient1_.bono as bono2_0_1_, bonoclient1_.descuento as descuento3_0_1_ from HR.Cliente cliente0_ left outer join HR.BonoCliente bonoclient1_ on cliente0_.IDBONOCLIENTE=bonoclient1_.idbonocliente where cliente0_.cif=?
[DEBUG] 2026-04-26 23:02:01.655 [main] EntityReferenceInitializerImpl - On call to EntityIdentifierReaderImpl#resolve, EntityKey was already known; should only happen on root returns with an optional identifier specified
[DEBUG] 2026-04-26 23:02:01.657 [main] TwoPhaseLoad - Resolving attributes for [es.ubu.lsi.model.catering.Cliente#C10000000]
[DEBUG] 2026-04-26 23:02:01.657 [main] TwoPhaseLoad - Processing attribute `bonoCliente` : value = 2
[DEBUG] 2026-04-26 23:02:01.658 [main] TwoPhaseLoad - Attribute (`bonoCliente`)  - enhanced for lazy-loading? - false
[DEBUG] 2026-04-26 23:02:01.658 [main] TwoPhaseLoad - Processing attribute `compras` : value = NOT NULL COLLECTION
[DEBUG] 2026-04-26 23:02:01.658 [main] TwoPhaseLoad - Attribute (`compras`)  - enhanced for lazy-loading? - false
[DEBUG] 2026-04-26 23:02:01.658 [main] TwoPhaseLoad - Processing attribute `descripcion` : value = Hospital Palencia
[DEBUG] 2026-04-26 23:02:01.658 [main] TwoPhaseLoad - Attribute (`descripcion`)  - enhanced for lazy-loading? - false
[DEBUG] 2026-04-26 23:02:01.658 [main] TwoPhaseLoad - Processing attribute `direccionPostal` : value = [Ljava.lang.Object;@105db94d
[DEBUG] 2026-04-26 23:02:01.659 [main] TwoPhaseLoad - Attribute (`direccionPostal`)  - enhanced for lazy-loading? - false
[DEBUG] 2026-04-26 23:02:01.659 [main] TwoPhaseLoad - Done materializing entity [es.ubu.lsi.model.catering.Cliente#C10000000]
[DEBUG] 2026-04-26 23:02:01.659 [main] TwoPhaseLoad - Resolving attributes for [es.ubu.lsi.model.catering.BonoCliente#2]
[DEBUG] 2026-04-26 23:02:01.659 [main] TwoPhaseLoad - Processing attribute `bono` : value = DESCUENTO ESTANDAR
[DEBUG] 2026-04-26 23:02:01.659 [main] TwoPhaseLoad - Attribute (`bono`)  - enhanced for lazy-loading? - false
[DEBUG] 2026-04-26 23:02:01.659 [main] TwoPhaseLoad - Processing attribute `clientes` : value = NOT NULL COLLECTION
[DEBUG] 2026-04-26 23:02:01.659 [main] TwoPhaseLoad - Attribute (`clientes`)  - enhanced for lazy-loading? - false
[DEBUG] 2026-04-26 23:02:01.659 [main] TwoPhaseLoad - Processing attribute `descuento` : value = 5.5
[DEBUG] 2026-04-26 23:02:01.660 [main] TwoPhaseLoad - Attribute (`descuento`)  - enhanced for lazy-loading? - false
[DEBUG] 2026-04-26 23:02:01.660 [main] TwoPhaseLoad - Done materializing entity [es.ubu.lsi.model.catering.BonoCliente#2]
[DEBUG] 2026-04-26 23:02:01.660 [main] AbstractLoadPlanBasedEntityLoader - Done entity load : es.ubu.lsi.model.catering.Cliente#C10000000
[DEBUG] 2026-04-26 23:02:01.661 [main] SqlStatementLogger - select menu0_.idmenu as idmenu1_3_0_, menu0_.descripcion as descripcion2_3_0_, menu0_.precio as precio3_3_0_ from HR.Menu menu0_ where menu0_.idmenu=?
[DEBUG] 2026-04-26 23:02:01.662 [main] EntityReferenceInitializerImpl - On call to EntityIdentifierReaderImpl#resolve, EntityKey was already known; should only happen on root returns with an optional identifier specified
[DEBUG] 2026-04-26 23:02:01.663 [main] TwoPhaseLoad - Resolving attributes for [es.ubu.lsi.model.catering.Menu#3]
[DEBUG] 2026-04-26 23:02:01.663 [main] TwoPhaseLoad - Processing attribute `compras` : value = NOT NULL COLLECTION
[DEBUG] 2026-04-26 23:02:01.664 [main] TwoPhaseLoad - Attribute (`compras`)  - enhanced for lazy-loading? - false
[DEBUG] 2026-04-26 23:02:01.664 [main] TwoPhaseLoad - Processing attribute `descripcion` : value = MENU VEGANO
[DEBUG] 2026-04-26 23:02:01.664 [main] TwoPhaseLoad - Attribute (`descripcion`)  - enhanced for lazy-loading? - false
[DEBUG] 2026-04-26 23:02:01.664 [main] TwoPhaseLoad - Processing attribute `precio` : value = 18.0
[DEBUG] 2026-04-26 23:02:01.664 [main] TwoPhaseLoad - Attribute (`precio`)  - enhanced for lazy-loading? - false
[DEBUG] 2026-04-26 23:02:01.664 [main] TwoPhaseLoad - Done materializing entity [es.ubu.lsi.model.catering.Menu#3]
[DEBUG] 2026-04-26 23:02:01.665 [main] AbstractLoadPlanBasedEntityLoader - Done entity load : es.ubu.lsi.model.catering.Menu#3
[DEBUG] 2026-04-26 23:02:01.665 [main] SqlStatementLogger - select compra0_.cif as cif1_2_0_, compra0_.fecha as fecha2_2_0_, compra0_.importe as importe3_2_0_, compra0_.IDMENU as idmenu5_2_0_, compra0_.personas as personas4_2_0_, cliente1_.cif as cif1_1_1_, cliente1_.IDBONOCLIENTE as idbonocliente6_1_1_, cliente1_.descripcion as descripcion2_1_1_, cliente1_.ciudad as ciudad3_1_1_, cliente1_.cp as cp4_1_1_, cliente1_.direccion as direccion5_1_1_, bonoclient2_.idbonocliente as idbonocliente1_0_2_, bonoclient2_.bono as bono2_0_2_, bonoclient2_.descuento as descuento3_0_2_, menu3_.idmenu as idmenu1_3_3_, menu3_.descripcion as descripcion2_3_3_, menu3_.precio as precio3_3_3_ from HR.Compra compra0_ left outer join HR.Cliente cliente1_ on compra0_.CIF=cliente1_.cif left outer join HR.BonoCliente bonoclient2_ on cliente1_.IDBONOCLIENTE=bonoclient2_.idbonocliente left outer join HR.Menu menu3_ on compra0_.IDMENU=menu3_.idmenu where compra0_.cif=? and compra0_.fecha=?
[DEBUG] 2026-04-26 23:02:01.670 [main] AbstractLoadPlanBasedEntityLoader - Done entity load : es.ubu.lsi.model.catering.Compra#CompraPK [fecha=Wed May 15 16:00:00 CEST 2019, cif=C10000000]
[DEBUG] 2026-04-26 23:02:01.671 [main] AbstractSaveEventListener - Generated identifier: component[cif,fecha]{cif=C10000000, fecha=Wed May 15 16:00:00 CEST 2019}, using strategy: org.hibernate.id.CompositeNestedGeneratedValueGenerator
[DEBUG] 2026-04-26 23:02:01.672 [main] TransactionImpl - committing
[DEBUG] 2026-04-26 23:02:01.672 [main] AbstractFlushingEventListener - Processing flush-time cascades
[DEBUG] 2026-04-26 23:02:01.673 [main] AbstractFlushingEventListener - Dirty checking collections
[DEBUG] 2026-04-26 23:02:01.673 [main] Collections - Collection found: [es.ubu.lsi.model.catering.Cliente.compras#C10000000], was: [es.ubu.lsi.model.catering.Cliente.compras#C10000000] (uninitialized)
[DEBUG] 2026-04-26 23:02:01.673 [main] Collections - Collection found: [es.ubu.lsi.model.catering.BonoCliente.clientes#2], was: [es.ubu.lsi.model.catering.BonoCliente.clientes#2] (uninitialized)
[DEBUG] 2026-04-26 23:02:01.673 [main] Collections - Collection found: [es.ubu.lsi.model.catering.Menu.compras#3], was: [es.ubu.lsi.model.catering.Menu.compras#3] (uninitialized)
[DEBUG] 2026-04-26 23:02:01.673 [main] AbstractFlushingEventListener - Flushed: 1 insertions, 0 updates, 0 deletions to 4 objects
[DEBUG] 2026-04-26 23:02:01.674 [main] AbstractFlushingEventListener - Flushed: 0 (re)creations, 0 updates, 0 removals to 3 collections
[DEBUG] 2026-04-26 23:02:01.674 [main] EntityPrinter - Listing entities:
[DEBUG] 2026-04-26 23:02:01.674 [main] EntityPrinter - es.ubu.lsi.model.catering.Cliente{descripcion=Hospital Palencia, direccionPostal=component[ciudad,cp,direccion]{ciudad=La Platina, direccion=C/San Jose 1, cp=09003}, cif=C10000000, compras=<uninitialized>, bonoCliente=es.ubu.lsi.model.catering.BonoCliente#2}
[DEBUG] 2026-04-26 23:02:01.674 [main] EntityPrinter - es.ubu.lsi.model.catering.Compra{cliente=es.ubu.lsi.model.catering.Cliente#C10000000, id=component[cif,fecha]{cif=C10000000, fecha=Wed May 15 16:00:00 CEST 2019}, menu=es.ubu.lsi.model.catering.Menu#3, importe=510.3, personas=30}
[DEBUG] 2026-04-26 23:02:01.674 [main] EntityPrinter - es.ubu.lsi.model.catering.BonoCliente{bono=DESCUENTO ESTANDAR, descuento=5.5, clientes=<uninitialized>, idbonocliente=2}
[DEBUG] 2026-04-26 23:02:01.674 [main] EntityPrinter - es.ubu.lsi.model.catering.Menu{descripcion=MENU VEGANO, compras=<uninitialized>, precio=18.0, idmenu=3}
[DEBUG] 2026-04-26 23:02:01.675 [main] SqlStatementLogger - insert into HR.Compra (importe, IDMENU, personas, cif, fecha) values (?, ?, ?, ?, ?)
[DEBUG] 2026-04-26 23:02:01.680 [main] LogicalConnectionManagedImpl - Initiating JDBC connection release from afterTransaction
[DEBUG] 2026-04-26 23:02:01.681 [main] LogicalConnectionManagedImpl - Initiating JDBC connection release from afterTransaction
[DEBUG] 2026-04-26 23:02:01.683 [main] TestClient - 15/05/19 16:00:00,000000-30-510,3
15/06/19 11:00:00,000000-500-8505

[DEBUG] 2026-04-26 23:02:01.684 [main] TransactionImpl - On TransactionImpl creation, JpaCompliance#isJpaTransactionComplianceEnabled == false
[DEBUG] 2026-04-26 23:02:01.684 [main] TransactionImpl - begin
[DEBUG] 2026-04-26 23:02:01.685 [main] TransactionImpl - rolling back
[DEBUG] 2026-04-26 23:02:01.688 [main] LogicalConnectionManagedImpl - Initiating JDBC connection release from afterTransaction
[DEBUG] 2026-04-26 23:02:01.688 [main] LogicalConnectionManagedImpl - Initiating JDBC connection release from afterTransaction
[DEBUG] 2026-04-26 23:02:01.692 [main] TransactionImpl - On TransactionImpl creation, JpaCompliance#isJpaTransactionComplianceEnabled == false
[DEBUG] 2026-04-26 23:02:01.692 [main] TransactionImpl - begin
[DEBUG] 2026-04-26 23:02:01.692 [main] SqlStatementLogger - select cliente0_.cif as cif1_1_0_, cliente0_.IDBONOCLIENTE as idbonocliente6_1_0_, cliente0_.descripcion as descripcion2_1_0_, cliente0_.ciudad as ciudad3_1_0_, cliente0_.cp as cp4_1_0_, cliente0_.direccion as direccion5_1_0_, bonoclient1_.idbonocliente as idbonocliente1_0_1_, bonoclient1_.bono as bono2_0_1_, bonoclient1_.descuento as descuento3_0_1_ from HR.Cliente cliente0_ left outer join HR.BonoCliente bonoclient1_ on cliente0_.IDBONOCLIENTE=bonoclient1_.idbonocliente where cliente0_.cif=?
[DEBUG] 2026-04-26 23:02:01.696 [main] AbstractLoadPlanBasedEntityLoader - Done entity load : es.ubu.lsi.model.catering.Cliente#NO EXISTE
[DEBUG] 2026-04-26 23:02:01.696 [main] TransactionImpl - rolling back
[DEBUG] 2026-04-26 23:02:01.697 [main] LogicalConnectionManagedImpl - Initiating JDBC connection release from afterTransaction
[DEBUG] 2026-04-26 23:02:01.697 [main] LogicalConnectionManagedImpl - Initiating JDBC connection release from afterTransaction
[DEBUG] 2026-04-26 23:02:01.697 [main] TransactionImpl - On TransactionImpl creation, JpaCompliance#isJpaTransactionComplianceEnabled == false
[DEBUG] 2026-04-26 23:02:01.698 [main] TransactionImpl - begin
[DEBUG] 2026-04-26 23:02:01.698 [main] SqlStatementLogger - select cliente0_.cif as cif1_1_0_, cliente0_.IDBONOCLIENTE as idbonocliente6_1_0_, cliente0_.descripcion as descripcion2_1_0_, cliente0_.ciudad as ciudad3_1_0_, cliente0_.cp as cp4_1_0_, cliente0_.direccion as direccion5_1_0_, bonoclient1_.idbonocliente as idbonocliente1_0_1_, bonoclient1_.bono as bono2_0_1_, bonoclient1_.descuento as descuento3_0_1_ from HR.Cliente cliente0_ left outer join HR.BonoCliente bonoclient1_ on cliente0_.IDBONOCLIENTE=bonoclient1_.idbonocliente where cliente0_.cif=?
[DEBUG] 2026-04-26 23:02:01.700 [main] EntityReferenceInitializerImpl - On call to EntityIdentifierReaderImpl#resolve, EntityKey was already known; should only happen on root returns with an optional identifier specified
[DEBUG] 2026-04-26 23:02:01.703 [main] TwoPhaseLoad - Resolving attributes for [es.ubu.lsi.model.catering.Cliente#B10000000]
[DEBUG] 2026-04-26 23:02:01.703 [main] TwoPhaseLoad - Processing attribute `bonoCliente` : value = 1
[DEBUG] 2026-04-26 23:02:01.703 [main] TwoPhaseLoad - Attribute (`bonoCliente`)  - enhanced for lazy-loading? - false
[DEBUG] 2026-04-26 23:02:01.703 [main] TwoPhaseLoad - Processing attribute `compras` : value = NOT NULL COLLECTION
[DEBUG] 2026-04-26 23:02:01.703 [main] TwoPhaseLoad - Attribute (`compras`)  - enhanced for lazy-loading? - false
[DEBUG] 2026-04-26 23:02:01.704 [main] TwoPhaseLoad - Processing attribute `descripcion` : value = Insituto Derby
[DEBUG] 2026-04-26 23:02:01.704 [main] TwoPhaseLoad - Attribute (`descripcion`)  - enhanced for lazy-loading? - false
[DEBUG] 2026-04-26 23:02:01.704 [main] TwoPhaseLoad - Processing attribute `direccionPostal` : value = [Ljava.lang.Object;@15369d73
[DEBUG] 2026-04-26 23:02:01.704 [main] TwoPhaseLoad - Attribute (`direccionPostal`)  - enhanced for lazy-loading? - false
[DEBUG] 2026-04-26 23:02:01.704 [main] TwoPhaseLoad - Done materializing entity [es.ubu.lsi.model.catering.Cliente#B10000000]
[DEBUG] 2026-04-26 23:02:01.704 [main] TwoPhaseLoad - Resolving attributes for [es.ubu.lsi.model.catering.BonoCliente#1]
[DEBUG] 2026-04-26 23:02:01.704 [main] TwoPhaseLoad - Processing attribute `bono` : value = SIN DESCUENTO
[DEBUG] 2026-04-26 23:02:01.704 [main] TwoPhaseLoad - Attribute (`bono`)  - enhanced for lazy-loading? - false
[DEBUG] 2026-04-26 23:02:01.704 [main] TwoPhaseLoad - Processing attribute `clientes` : value = NOT NULL COLLECTION
[DEBUG] 2026-04-26 23:02:01.704 [main] TwoPhaseLoad - Attribute (`clientes`)  - enhanced for lazy-loading? - false
[DEBUG] 2026-04-26 23:02:01.705 [main] TwoPhaseLoad - Processing attribute `descuento` : value = 0.0
[DEBUG] 2026-04-26 23:02:01.705 [main] TwoPhaseLoad - Attribute (`descuento`)  - enhanced for lazy-loading? - false
[DEBUG] 2026-04-26 23:02:01.705 [main] TwoPhaseLoad - Done materializing entity [es.ubu.lsi.model.catering.BonoCliente#1]
[DEBUG] 2026-04-26 23:02:01.706 [main] AbstractLoadPlanBasedEntityLoader - Done entity load : es.ubu.lsi.model.catering.Cliente#B10000000
[DEBUG] 2026-04-26 23:02:01.706 [main] SqlStatementLogger - select menu0_.idmenu as idmenu1_3_0_, menu0_.descripcion as descripcion2_3_0_, menu0_.precio as precio3_3_0_ from HR.Menu menu0_ where menu0_.idmenu=?
[DEBUG] 2026-04-26 23:02:01.708 [main] AbstractLoadPlanBasedEntityLoader - Done entity load : es.ubu.lsi.model.catering.Menu#12
[DEBUG] 2026-04-26 23:02:01.709 [main] TransactionImpl - rolling back
[DEBUG] 2026-04-26 23:02:01.709 [main] LogicalConnectionManagedImpl - Initiating JDBC connection release from afterTransaction
[DEBUG] 2026-04-26 23:02:01.710 [main] LogicalConnectionManagedImpl - Initiating JDBC connection release from afterTransaction
[DEBUG] 2026-04-26 23:02:01.710 [main] TransactionImpl - On TransactionImpl creation, JpaCompliance#isJpaTransactionComplianceEnabled == false
[DEBUG] 2026-04-26 23:02:01.711 [main] TransactionImpl - begin
[DEBUG] 2026-04-26 23:02:01.712 [main] SqlStatementLogger - select cliente0_.cif as cif1_1_0_, cliente0_.IDBONOCLIENTE as idbonocliente6_1_0_, cliente0_.descripcion as descripcion2_1_0_, cliente0_.ciudad as ciudad3_1_0_, cliente0_.cp as cp4_1_0_, cliente0_.direccion as direccion5_1_0_, bonoclient1_.idbonocliente as idbonocliente1_0_1_, bonoclient1_.bono as bono2_0_1_, bonoclient1_.descuento as descuento3_0_1_ from HR.Cliente cliente0_ left outer join HR.BonoCliente bonoclient1_ on cliente0_.IDBONOCLIENTE=bonoclient1_.idbonocliente where cliente0_.cif=?
[DEBUG] 2026-04-26 23:02:01.714 [main] EntityReferenceInitializerImpl - On call to EntityIdentifierReaderImpl#resolve, EntityKey was already known; should only happen on root returns with an optional identifier specified
[DEBUG] 2026-04-26 23:02:01.716 [main] TwoPhaseLoad - Resolving attributes for [es.ubu.lsi.model.catering.Cliente#B10000000]
[DEBUG] 2026-04-26 23:02:01.716 [main] TwoPhaseLoad - Processing attribute `bonoCliente` : value = 1
[DEBUG] 2026-04-26 23:02:01.716 [main] TwoPhaseLoad - Attribute (`bonoCliente`)  - enhanced for lazy-loading? - false
[DEBUG] 2026-04-26 23:02:01.716 [main] TwoPhaseLoad - Processing attribute `compras` : value = NOT NULL COLLECTION
[DEBUG] 2026-04-26 23:02:01.716 [main] TwoPhaseLoad - Attribute (`compras`)  - enhanced for lazy-loading? - false
[DEBUG] 2026-04-26 23:02:01.717 [main] TwoPhaseLoad - Processing attribute `descripcion` : value = Insituto Derby
[DEBUG] 2026-04-26 23:02:01.723 [main] TwoPhaseLoad - Attribute (`descripcion`)  - enhanced for lazy-loading? - false
[DEBUG] 2026-04-26 23:02:01.723 [main] TwoPhaseLoad - Processing attribute `direccionPostal` : value = [Ljava.lang.Object;@6befbb12
[DEBUG] 2026-04-26 23:02:01.723 [main] TwoPhaseLoad - Attribute (`direccionPostal`)  - enhanced for lazy-loading? - false
[DEBUG] 2026-04-26 23:02:01.723 [main] TwoPhaseLoad - Done materializing entity [es.ubu.lsi.model.catering.Cliente#B10000000]
[DEBUG] 2026-04-26 23:02:01.723 [main] TwoPhaseLoad - Resolving attributes for [es.ubu.lsi.model.catering.BonoCliente#1]
[DEBUG] 2026-04-26 23:02:01.723 [main] TwoPhaseLoad - Processing attribute `bono` : value = SIN DESCUENTO
[DEBUG] 2026-04-26 23:02:01.723 [main] TwoPhaseLoad - Attribute (`bono`)  - enhanced for lazy-loading? - false
[DEBUG] 2026-04-26 23:02:01.723 [main] TwoPhaseLoad - Processing attribute `clientes` : value = NOT NULL COLLECTION
[DEBUG] 2026-04-26 23:02:01.723 [main] TwoPhaseLoad - Attribute (`clientes`)  - enhanced for lazy-loading? - false
[DEBUG] 2026-04-26 23:02:01.724 [main] TwoPhaseLoad - Processing attribute `descuento` : value = 0.0
[DEBUG] 2026-04-26 23:02:01.724 [main] TwoPhaseLoad - Attribute (`descuento`)  - enhanced for lazy-loading? - false
[DEBUG] 2026-04-26 23:02:01.724 [main] TwoPhaseLoad - Done materializing entity [es.ubu.lsi.model.catering.BonoCliente#1]
[DEBUG] 2026-04-26 23:02:01.724 [main] AbstractLoadPlanBasedEntityLoader - Done entity load : es.ubu.lsi.model.catering.Cliente#B10000000
[DEBUG] 2026-04-26 23:02:01.725 [main] SqlStatementLogger - select menu0_.idmenu as idmenu1_3_0_, menu0_.descripcion as descripcion2_3_0_, menu0_.precio as precio3_3_0_ from HR.Menu menu0_ where menu0_.idmenu=?
[DEBUG] 2026-04-26 23:02:01.728 [main] EntityReferenceInitializerImpl - On call to EntityIdentifierReaderImpl#resolve, EntityKey was already known; should only happen on root returns with an optional identifier specified
[DEBUG] 2026-04-26 23:02:01.729 [main] TwoPhaseLoad - Resolving attributes for [es.ubu.lsi.model.catering.Menu#1]
[DEBUG] 2026-04-26 23:02:01.729 [main] TwoPhaseLoad - Processing attribute `compras` : value = NOT NULL COLLECTION
[DEBUG] 2026-04-26 23:02:01.730 [main] TwoPhaseLoad - Attribute (`compras`)  - enhanced for lazy-loading? - false
[DEBUG] 2026-04-26 23:02:01.730 [main] TwoPhaseLoad - Processing attribute `descripcion` : value = MENU ESTANDAR
[DEBUG] 2026-04-26 23:02:01.730 [main] TwoPhaseLoad - Attribute (`descripcion`)  - enhanced for lazy-loading? - false
[DEBUG] 2026-04-26 23:02:01.730 [main] TwoPhaseLoad - Processing attribute `precio` : value = 12.5
[DEBUG] 2026-04-26 23:02:01.730 [main] TwoPhaseLoad - Attribute (`precio`)  - enhanced for lazy-loading? - false
[DEBUG] 2026-04-26 23:02:01.731 [main] TwoPhaseLoad - Done materializing entity [es.ubu.lsi.model.catering.Menu#1]
[DEBUG] 2026-04-26 23:02:01.731 [main] AbstractLoadPlanBasedEntityLoader - Done entity load : es.ubu.lsi.model.catering.Menu#1
[DEBUG] 2026-04-26 23:02:01.732 [main] SqlStatementLogger - select compra0_.cif as cif1_2_0_, compra0_.fecha as fecha2_2_0_, compra0_.importe as importe3_2_0_, compra0_.IDMENU as idmenu5_2_0_, compra0_.personas as personas4_2_0_, cliente1_.cif as cif1_1_1_, cliente1_.IDBONOCLIENTE as idbonocliente6_1_1_, cliente1_.descripcion as descripcion2_1_1_, cliente1_.ciudad as ciudad3_1_1_, cliente1_.cp as cp4_1_1_, cliente1_.direccion as direccion5_1_1_, bonoclient2_.idbonocliente as idbonocliente1_0_2_, bonoclient2_.bono as bono2_0_2_, bonoclient2_.descuento as descuento3_0_2_, menu3_.idmenu as idmenu1_3_3_, menu3_.descripcion as descripcion2_3_3_, menu3_.precio as precio3_3_3_ from HR.Compra compra0_ left outer join HR.Cliente cliente1_ on compra0_.CIF=cliente1_.cif left outer join HR.BonoCliente bonoclient2_ on cliente1_.IDBONOCLIENTE=bonoclient2_.idbonocliente left outer join HR.Menu menu3_ on compra0_.IDMENU=menu3_.idmenu where compra0_.cif=? and compra0_.fecha=?
[DEBUG] 2026-04-26 23:02:01.735 [main] EntityReferenceInitializerImpl - On call to EntityIdentifierReaderImpl#resolve, EntityKey was already known; should only happen on root returns with an optional identifier specified
[DEBUG] 2026-04-26 23:02:01.737 [main] TwoPhaseLoad - Resolving attributes for [es.ubu.lsi.model.catering.Compra#component[cif,fecha]{cif=B10000000, fecha=Wed Apr 22 13:00:00 CEST 2020}]
[DEBUG] 2026-04-26 23:02:01.737 [main] TwoPhaseLoad - Processing attribute `cliente` : value = B10000000
[DEBUG] 2026-04-26 23:02:01.737 [main] TwoPhaseLoad - Attribute (`cliente`)  - enhanced for lazy-loading? - false
[DEBUG] 2026-04-26 23:02:01.738 [main] TwoPhaseLoad - Processing attribute `importe` : value = 360.0
[DEBUG] 2026-04-26 23:02:01.738 [main] TwoPhaseLoad - Attribute (`importe`)  - enhanced for lazy-loading? - false
[DEBUG] 2026-04-26 23:02:01.738 [main] TwoPhaseLoad - Processing attribute `menu` : value = 3
[DEBUG] 2026-04-26 23:02:01.738 [main] TwoPhaseLoad - Attribute (`menu`)  - enhanced for lazy-loading? - false
[DEBUG] 2026-04-26 23:02:01.738 [main] TwoPhaseLoad - Processing attribute `personas` : value = 20
[DEBUG] 2026-04-26 23:02:01.738 [main] TwoPhaseLoad - Attribute (`personas`)  - enhanced for lazy-loading? - false
[DEBUG] 2026-04-26 23:02:01.739 [main] TwoPhaseLoad - Done materializing entity [es.ubu.lsi.model.catering.Compra#component[cif,fecha]{cif=B10000000, fecha=Wed Apr 22 13:00:00 CEST 2020}]
[DEBUG] 2026-04-26 23:02:01.739 [main] TwoPhaseLoad - Resolving attributes for [es.ubu.lsi.model.catering.Menu#3]
[DEBUG] 2026-04-26 23:02:01.739 [main] TwoPhaseLoad - Processing attribute `compras` : value = NOT NULL COLLECTION
[DEBUG] 2026-04-26 23:02:01.739 [main] TwoPhaseLoad - Attribute (`compras`)  - enhanced for lazy-loading? - false
[DEBUG] 2026-04-26 23:02:01.739 [main] TwoPhaseLoad - Processing attribute `descripcion` : value = MENU VEGANO
[DEBUG] 2026-04-26 23:02:01.739 [main] TwoPhaseLoad - Attribute (`descripcion`)  - enhanced for lazy-loading? - false
[DEBUG] 2026-04-26 23:02:01.739 [main] TwoPhaseLoad - Processing attribute `precio` : value = 18.0
[DEBUG] 2026-04-26 23:02:01.739 [main] TwoPhaseLoad - Attribute (`precio`)  - enhanced for lazy-loading? - false
[DEBUG] 2026-04-26 23:02:01.739 [main] TwoPhaseLoad - Done materializing entity [es.ubu.lsi.model.catering.Menu#3]
[DEBUG] 2026-04-26 23:02:01.740 [main] AbstractLoadPlanBasedEntityLoader - Done entity load : es.ubu.lsi.model.catering.Compra#CompraPK [fecha=Wed Apr 22 13:00:00 CEST 2020, cif=B10000000]
[DEBUG] 2026-04-26 23:02:01.740 [main] TransactionImpl - rolling back
[DEBUG] 2026-04-26 23:02:01.741 [main] LogicalConnectionManagedImpl - Initiating JDBC connection release from afterTransaction
[DEBUG] 2026-04-26 23:02:01.741 [main] LogicalConnectionManagedImpl - Initiating JDBC connection release from afterTransaction
[INFO ] 2026-04-26 23:02:01.856 [main] ExecuteScript - 
[INFO ] 2026-04-26 23:02:01.856 [main] ExecuteScript - SQL*Plus: Release 11.2.0.2.0 Production on Dom Abr 26 23:02:01 2026
[INFO ] 2026-04-26 23:02:01.856 [main] ExecuteScript - 
[INFO ] 2026-04-26 23:02:01.856 [main] ExecuteScript - Copyright (c) 1982, 2011, Oracle.  All rights reserved.
[INFO ] 2026-04-26 23:02:01.857 [main] ExecuteScript - 
[INFO ] 2026-04-26 23:02:01.906 [main] ExecuteScript - 
[INFO ] 2026-04-26 23:02:01.906 [main] ExecuteScript - Connected to:
[INFO ] 2026-04-26 23:02:01.906 [main] ExecuteScript - Oracle Database 11g Express Edition Release 11.2.0.2.0 - 64bit Production
[INFO ] 2026-04-26 23:02:01.906 [main] ExecuteScript - 
[INFO ] 2026-04-26 23:02:02.060 [main] ExecuteScript - 
[INFO ] 2026-04-26 23:02:02.060 [main] ExecuteScript - Table dropped.
[INFO ] 2026-04-26 23:02:02.060 [main] ExecuteScript - 
[INFO ] 2026-04-26 23:02:02.079 [main] ExecuteScript - 
[INFO ] 2026-04-26 23:02:02.079 [main] ExecuteScript - Table dropped.
[INFO ] 2026-04-26 23:02:02.079 [main] ExecuteScript - 
[INFO ] 2026-04-26 23:02:02.094 [main] ExecuteScript - 
[INFO ] 2026-04-26 23:02:02.094 [main] ExecuteScript - Table dropped.
[INFO ] 2026-04-26 23:02:02.094 [main] ExecuteScript - 
[INFO ] 2026-04-26 23:02:02.110 [main] ExecuteScript - 
[INFO ] 2026-04-26 23:02:02.110 [main] ExecuteScript - Table dropped.
[INFO ] 2026-04-26 23:02:02.110 [main] ExecuteScript - 
[INFO ] 2026-04-26 23:02:02.255 [main] ExecuteScript - 
[INFO ] 2026-04-26 23:02:02.255 [main] ExecuteScript - Table created.
[INFO ] 2026-04-26 23:02:02.255 [main] ExecuteScript - 
[INFO ] 2026-04-26 23:02:02.317 [main] ExecuteScript - 
[INFO ] 2026-04-26 23:02:02.317 [main] ExecuteScript - Table created.
[INFO ] 2026-04-26 23:02:02.317 [main] ExecuteScript - 
[INFO ] 2026-04-26 23:02:02.362 [main] ExecuteScript - 
[INFO ] 2026-04-26 23:02:02.362 [main] ExecuteScript - Table created.
[INFO ] 2026-04-26 23:02:02.362 [main] ExecuteScript - 
[INFO ] 2026-04-26 23:02:02.414 [main] ExecuteScript - 
[INFO ] 2026-04-26 23:02:02.415 [main] ExecuteScript - Table created.
[INFO ] 2026-04-26 23:02:02.415 [main] ExecuteScript - 
[INFO ] 2026-04-26 23:02:02.417 [main] ExecuteScript - 
[INFO ] 2026-04-26 23:02:02.418 [main] ExecuteScript - 1 row created.
[INFO ] 2026-04-26 23:02:02.418 [main] ExecuteScript - 
[INFO ] 2026-04-26 23:02:02.418 [main] ExecuteScript - 
[INFO ] 2026-04-26 23:02:02.419 [main] ExecuteScript - 1 row created.
[INFO ] 2026-04-26 23:02:02.419 [main] ExecuteScript - 
[INFO ] 2026-04-26 23:02:02.419 [main] ExecuteScript - 
[INFO ] 2026-04-26 23:02:02.419 [main] ExecuteScript - 1 row created.
[INFO ] 2026-04-26 23:02:02.419 [main] ExecuteScript - 
[INFO ] 2026-04-26 23:02:02.420 [main] ExecuteScript - 
[INFO ] 2026-04-26 23:02:02.420 [main] ExecuteScript - 1 row created.
[INFO ] 2026-04-26 23:02:02.420 [main] ExecuteScript - 
[INFO ] 2026-04-26 23:02:02.421 [main] ExecuteScript - 
[INFO ] 2026-04-26 23:02:02.421 [main] ExecuteScript - 1 row created.
[INFO ] 2026-04-26 23:02:02.421 [main] ExecuteScript - 
[INFO ] 2026-04-26 23:02:02.422 [main] ExecuteScript - 
[INFO ] 2026-04-26 23:02:02.423 [main] ExecuteScript - 1 row created.
[INFO ] 2026-04-26 23:02:02.423 [main] ExecuteScript - 
[INFO ] 2026-04-26 23:02:02.424 [main] ExecuteScript - 
[INFO ] 2026-04-26 23:02:02.424 [main] ExecuteScript - 1 row created.
[INFO ] 2026-04-26 23:02:02.424 [main] ExecuteScript - 
[INFO ] 2026-04-26 23:02:02.425 [main] ExecuteScript - 
[INFO ] 2026-04-26 23:02:02.425 [main] ExecuteScript - 1 row created.
[INFO ] 2026-04-26 23:02:02.425 [main] ExecuteScript - 
[INFO ] 2026-04-26 23:02:02.426 [main] ExecuteScript - 
[INFO ] 2026-04-26 23:02:02.427 [main] ExecuteScript - 1 row created.
[INFO ] 2026-04-26 23:02:02.427 [main] ExecuteScript - 
[INFO ] 2026-04-26 23:02:02.428 [main] ExecuteScript - 
[INFO ] 2026-04-26 23:02:02.428 [main] ExecuteScript - 1 row created.
[INFO ] 2026-04-26 23:02:02.428 [main] ExecuteScript - 
[INFO ] 2026-04-26 23:02:02.429 [main] ExecuteScript - 
[INFO ] 2026-04-26 23:02:02.429 [main] ExecuteScript - 1 row created.
[INFO ] 2026-04-26 23:02:02.429 [main] ExecuteScript - 
[INFO ] 2026-04-26 23:02:02.430 [main] ExecuteScript - 
[INFO ] 2026-04-26 23:02:02.430 [main] ExecuteScript - 1 row created.
[INFO ] 2026-04-26 23:02:02.430 [main] ExecuteScript - 
[INFO ] 2026-04-26 23:02:02.431 [main] ExecuteScript - 
[INFO ] 2026-04-26 23:02:02.431 [main] ExecuteScript - 1 row created.
[INFO ] 2026-04-26 23:02:02.431 [main] ExecuteScript - 
[INFO ] 2026-04-26 23:02:02.432 [main] ExecuteScript - 
[INFO ] 2026-04-26 23:02:02.433 [main] ExecuteScript - 1 row created.
[INFO ] 2026-04-26 23:02:02.433 [main] ExecuteScript - 
[INFO ] 2026-04-26 23:02:02.434 [main] ExecuteScript - 
[INFO ] 2026-04-26 23:02:02.434 [main] ExecuteScript - 1 row created.
[INFO ] 2026-04-26 23:02:02.434 [main] ExecuteScript - 
[INFO ] 2026-04-26 23:02:02.435 [main] ExecuteScript - 
[INFO ] 2026-04-26 23:02:02.435 [main] ExecuteScript - 1 row created.
[INFO ] 2026-04-26 23:02:02.435 [main] ExecuteScript - 
[INFO ] 2026-04-26 23:02:02.437 [main] ExecuteScript - 
[INFO ] 2026-04-26 23:02:02.437 [main] ExecuteScript - 1 row created.
[INFO ] 2026-04-26 23:02:02.437 [main] ExecuteScript - 
[INFO ] 2026-04-26 23:02:02.438 [main] ExecuteScript - 
[INFO ] 2026-04-26 23:02:02.438 [main] ExecuteScript - 1 row created.
[INFO ] 2026-04-26 23:02:02.438 [main] ExecuteScript - 
[INFO ] 2026-04-26 23:02:02.439 [main] ExecuteScript - 
[INFO ] 2026-04-26 23:02:02.440 [main] ExecuteScript - 1 row created.
[INFO ] 2026-04-26 23:02:02.440 [main] ExecuteScript - 
[INFO ] 2026-04-26 23:02:02.441 [main] ExecuteScript - 
[INFO ] 2026-04-26 23:02:02.441 [main] ExecuteScript - 1 row created.
[INFO ] 2026-04-26 23:02:02.441 [main] ExecuteScript - 
[INFO ] 2026-04-26 23:02:02.443 [main] ExecuteScript - 
[INFO ] 2026-04-26 23:02:02.443 [main] ExecuteScript - 1 row created.
[INFO ] 2026-04-26 23:02:02.443 [main] ExecuteScript - 
[INFO ] 2026-04-26 23:02:02.444 [main] ExecuteScript - 
[INFO ] 2026-04-26 23:02:02.444 [main] ExecuteScript - 1 row created.
[INFO ] 2026-04-26 23:02:02.444 [main] ExecuteScript - 
[INFO ] 2026-04-26 23:02:02.445 [main] ExecuteScript - 
[INFO ] 2026-04-26 23:02:02.445 [main] ExecuteScript - 1 row created.
[INFO ] 2026-04-26 23:02:02.445 [main] ExecuteScript - 
[INFO ] 2026-04-26 23:02:02.446 [main] ExecuteScript - 
[INFO ] 2026-04-26 23:02:02.446 [main] ExecuteScript - 1 row created.
[INFO ] 2026-04-26 23:02:02.447 [main] ExecuteScript - 
[INFO ] 2026-04-26 23:02:02.448 [main] ExecuteScript - 
[INFO ] 2026-04-26 23:02:02.448 [main] ExecuteScript - 1 row created.
[INFO ] 2026-04-26 23:02:02.448 [main] ExecuteScript - 
[INFO ] 2026-04-26 23:02:02.449 [main] ExecuteScript - 
[INFO ] 2026-04-26 23:02:02.449 [main] ExecuteScript - 1 row created.
[INFO ] 2026-04-26 23:02:02.449 [main] ExecuteScript - 
[INFO ] 2026-04-26 23:02:02.459 [main] ExecuteScript - 
[INFO ] 2026-04-26 23:02:02.459 [main] ExecuteScript - Commit complete.
[INFO ] 2026-04-26 23:02:02.459 [main] ExecuteScript - 
[INFO ] 2026-04-26 23:02:02.464 [main] ExecuteScript - Disconnected from Oracle Database 11g Express Edition Release 11.2.0.2.0 - 64bit Production
[DEBUG] 2026-04-26 23:02:02.472 [main] TransactionImpl - On TransactionImpl creation, JpaCompliance#isJpaTransactionComplianceEnabled == false
[DEBUG] 2026-04-26 23:02:02.472 [main] TransactionImpl - begin
[DEBUG] 2026-04-26 23:02:02.473 [main] SqlStatementLogger - select cliente0_.cif as cif1_1_0_, cliente0_.IDBONOCLIENTE as idbonocliente6_1_0_, cliente0_.descripcion as descripcion2_1_0_, cliente0_.ciudad as ciudad3_1_0_, cliente0_.cp as cp4_1_0_, cliente0_.direccion as direccion5_1_0_, bonoclient1_.idbonocliente as idbonocliente1_0_1_, bonoclient1_.bono as bono2_0_1_, bonoclient1_.descuento as descuento3_0_1_ from HR.Cliente cliente0_ left outer join HR.BonoCliente bonoclient1_ on cliente0_.IDBONOCLIENTE=bonoclient1_.idbonocliente where cliente0_.cif=?
[DEBUG] 2026-04-26 23:02:02.480 [main] EntityReferenceInitializerImpl - On call to EntityIdentifierReaderImpl#resolve, EntityKey was already known; should only happen on root returns with an optional identifier specified
[DEBUG] 2026-04-26 23:02:02.481 [main] TwoPhaseLoad - Resolving attributes for [es.ubu.lsi.model.catering.Cliente#D10000000]
[DEBUG] 2026-04-26 23:02:02.481 [main] TwoPhaseLoad - Processing attribute `bonoCliente` : value = 4
[DEBUG] 2026-04-26 23:02:02.482 [main] TwoPhaseLoad - Attribute (`bonoCliente`)  - enhanced for lazy-loading? - false
[DEBUG] 2026-04-26 23:02:02.482 [main] TwoPhaseLoad - Processing attribute `compras` : value = NOT NULL COLLECTION
[DEBUG] 2026-04-26 23:02:02.482 [main] TwoPhaseLoad - Attribute (`compras`)  - enhanced for lazy-loading? - false
[DEBUG] 2026-04-26 23:02:02.482 [main] TwoPhaseLoad - Processing attribute `descripcion` : value = Hospital Clinico
[DEBUG] 2026-04-26 23:02:02.482 [main] TwoPhaseLoad - Attribute (`descripcion`)  - enhanced for lazy-loading? - false
[DEBUG] 2026-04-26 23:02:02.482 [main] TwoPhaseLoad - Processing attribute `direccionPostal` : value = [Ljava.lang.Object;@250967f1
[DEBUG] 2026-04-26 23:02:02.482 [main] TwoPhaseLoad - Attribute (`direccionPostal`)  - enhanced for lazy-loading? - false
[DEBUG] 2026-04-26 23:02:02.483 [main] TwoPhaseLoad - Done materializing entity [es.ubu.lsi.model.catering.Cliente#D10000000]
[DEBUG] 2026-04-26 23:02:02.483 [main] TwoPhaseLoad - Resolving attributes for [es.ubu.lsi.model.catering.BonoCliente#4]
[DEBUG] 2026-04-26 23:02:02.483 [main] TwoPhaseLoad - Processing attribute `bono` : value = DESCUENTO FAKE
[DEBUG] 2026-04-26 23:02:02.483 [main] TwoPhaseLoad - Attribute (`bono`)  - enhanced for lazy-loading? - false
[DEBUG] 2026-04-26 23:02:02.483 [main] TwoPhaseLoad - Processing attribute `clientes` : value = NOT NULL COLLECTION
[DEBUG] 2026-04-26 23:02:02.483 [main] TwoPhaseLoad - Attribute (`clientes`)  - enhanced for lazy-loading? - false
[DEBUG] 2026-04-26 23:02:02.483 [main] TwoPhaseLoad - Processing attribute `descuento` : value = 100.75
[DEBUG] 2026-04-26 23:02:02.483 [main] TwoPhaseLoad - Attribute (`descuento`)  - enhanced for lazy-loading? - false
[DEBUG] 2026-04-26 23:02:02.483 [main] TwoPhaseLoad - Done materializing entity [es.ubu.lsi.model.catering.BonoCliente#4]
[DEBUG] 2026-04-26 23:02:02.484 [main] AbstractLoadPlanBasedEntityLoader - Done entity load : es.ubu.lsi.model.catering.Cliente#D10000000
[DEBUG] 2026-04-26 23:02:02.484 [main] SqlStatementLogger - select menu0_.idmenu as idmenu1_3_0_, menu0_.descripcion as descripcion2_3_0_, menu0_.precio as precio3_3_0_ from HR.Menu menu0_ where menu0_.idmenu=?
[DEBUG] 2026-04-26 23:02:02.486 [main] EntityReferenceInitializerImpl - On call to EntityIdentifierReaderImpl#resolve, EntityKey was already known; should only happen on root returns with an optional identifier specified
[DEBUG] 2026-04-26 23:02:02.487 [main] TwoPhaseLoad - Resolving attributes for [es.ubu.lsi.model.catering.Menu#4]
[DEBUG] 2026-04-26 23:02:02.488 [main] TwoPhaseLoad - Processing attribute `compras` : value = NOT NULL COLLECTION
[DEBUG] 2026-04-26 23:02:02.488 [main] TwoPhaseLoad - Attribute (`compras`)  - enhanced for lazy-loading? - false
[DEBUG] 2026-04-26 23:02:02.488 [main] TwoPhaseLoad - Processing attribute `descripcion` : value = MENU SIN GLUTEN
[DEBUG] 2026-04-26 23:02:02.488 [main] TwoPhaseLoad - Attribute (`descripcion`)  - enhanced for lazy-loading? - false
[DEBUG] 2026-04-26 23:02:02.488 [main] TwoPhaseLoad - Processing attribute `precio` : value = 20.0
[DEBUG] 2026-04-26 23:02:02.488 [main] TwoPhaseLoad - Attribute (`precio`)  - enhanced for lazy-loading? - false
[DEBUG] 2026-04-26 23:02:02.488 [main] TwoPhaseLoad - Done materializing entity [es.ubu.lsi.model.catering.Menu#4]
[DEBUG] 2026-04-26 23:02:02.488 [main] AbstractLoadPlanBasedEntityLoader - Done entity load : es.ubu.lsi.model.catering.Menu#4
[DEBUG] 2026-04-26 23:02:02.489 [main] SqlStatementLogger - select compra0_.cif as cif1_2_0_, compra0_.fecha as fecha2_2_0_, compra0_.importe as importe3_2_0_, compra0_.IDMENU as idmenu5_2_0_, compra0_.personas as personas4_2_0_, cliente1_.cif as cif1_1_1_, cliente1_.IDBONOCLIENTE as idbonocliente6_1_1_, cliente1_.descripcion as descripcion2_1_1_, cliente1_.ciudad as ciudad3_1_1_, cliente1_.cp as cp4_1_1_, cliente1_.direccion as direccion5_1_1_, bonoclient2_.idbonocliente as idbonocliente1_0_2_, bonoclient2_.bono as bono2_0_2_, bonoclient2_.descuento as descuento3_0_2_, menu3_.idmenu as idmenu1_3_3_, menu3_.descripcion as descripcion2_3_3_, menu3_.precio as precio3_3_3_ from HR.Compra compra0_ left outer join HR.Cliente cliente1_ on compra0_.CIF=cliente1_.cif left outer join HR.BonoCliente bonoclient2_ on cliente1_.IDBONOCLIENTE=bonoclient2_.idbonocliente left outer join HR.Menu menu3_ on compra0_.IDMENU=menu3_.idmenu where compra0_.cif=? and compra0_.fecha=?
[DEBUG] 2026-04-26 23:02:02.496 [main] AbstractLoadPlanBasedEntityLoader - Done entity load : es.ubu.lsi.model.catering.Compra#CompraPK [fecha=Tue Apr 22 23:00:00 CEST 2025, cif=D10000000]
[DEBUG] 2026-04-26 23:02:02.496 [main] TransactionImpl - rolling back
[DEBUG] 2026-04-26 23:02:02.496 [main] LogicalConnectionManagedImpl - Initiating JDBC connection release from afterTransaction
[DEBUG] 2026-04-26 23:02:02.496 [main] LogicalConnectionManagedImpl - Initiating JDBC connection release from afterTransaction
[DEBUG] 2026-04-26 23:02:02.499 [main] TransactionImpl - On TransactionImpl creation, JpaCompliance#isJpaTransactionComplianceEnabled == false
[DEBUG] 2026-04-26 23:02:02.499 [main] TransactionImpl - begin
[DEBUG] 2026-04-26 23:02:02.499 [main] TransactionImpl - rolling back
[DEBUG] 2026-04-26 23:02:02.499 [main] LogicalConnectionManagedImpl - Initiating JDBC connection release from afterTransaction
[DEBUG] 2026-04-26 23:02:02.500 [main] LogicalConnectionManagedImpl - Initiating JDBC connection release from afterTransaction
[INFO ] 2026-04-26 23:02:02.530 [main] ExecuteScript - 
[INFO ] 2026-04-26 23:02:02.530 [main] ExecuteScript - SQL*Plus: Release 11.2.0.2.0 Production on Dom Abr 26 23:02:02 2026
[INFO ] 2026-04-26 23:02:02.530 [main] ExecuteScript - 
[INFO ] 2026-04-26 23:02:02.530 [main] ExecuteScript - Copyright (c) 1982, 2011, Oracle.  All rights reserved.
[INFO ] 2026-04-26 23:02:02.530 [main] ExecuteScript - 
[INFO ] 2026-04-26 23:02:02.555 [main] ExecuteScript - 
[INFO ] 2026-04-26 23:02:02.555 [main] ExecuteScript - Connected to:
[INFO ] 2026-04-26 23:02:02.555 [main] ExecuteScript - Oracle Database 11g Express Edition Release 11.2.0.2.0 - 64bit Production
[INFO ] 2026-04-26 23:02:02.555 [main] ExecuteScript - 
[INFO ] 2026-04-26 23:02:02.585 [main] ExecuteScript - 
[INFO ] 2026-04-26 23:02:02.585 [main] ExecuteScript - Table dropped.
[INFO ] 2026-04-26 23:02:02.585 [main] ExecuteScript - 
[INFO ] 2026-04-26 23:02:02.602 [main] ExecuteScript - 
[INFO ] 2026-04-26 23:02:02.602 [main] ExecuteScript - Table dropped.
[INFO ] 2026-04-26 23:02:02.602 [main] ExecuteScript - 
[INFO ] 2026-04-26 23:02:02.618 [main] ExecuteScript - 
[INFO ] 2026-04-26 23:02:02.618 [main] ExecuteScript - Table dropped.
[INFO ] 2026-04-26 23:02:02.618 [main] ExecuteScript - 
[INFO ] 2026-04-26 23:02:02.633 [main] ExecuteScript - 
[INFO ] 2026-04-26 23:02:02.633 [main] ExecuteScript - Table dropped.
[INFO ] 2026-04-26 23:02:02.633 [main] ExecuteScript - 
[INFO ] 2026-04-26 23:02:02.679 [main] ExecuteScript - 
[INFO ] 2026-04-26 23:02:02.679 [main] ExecuteScript - Table created.
[INFO ] 2026-04-26 23:02:02.679 [main] ExecuteScript - 
[INFO ] 2026-04-26 23:02:02.729 [main] ExecuteScript - 
[INFO ] 2026-04-26 23:02:02.729 [main] ExecuteScript - Table created.
[INFO ] 2026-04-26 23:02:02.729 [main] ExecuteScript - 
[INFO ] 2026-04-26 23:02:02.774 [main] ExecuteScript - 
[INFO ] 2026-04-26 23:02:02.774 [main] ExecuteScript - Table created.
[INFO ] 2026-04-26 23:02:02.774 [main] ExecuteScript - 
[INFO ] 2026-04-26 23:02:02.826 [main] ExecuteScript - 
[INFO ] 2026-04-26 23:02:02.826 [main] ExecuteScript - Table created.
[INFO ] 2026-04-26 23:02:02.826 [main] ExecuteScript - 
[INFO ] 2026-04-26 23:02:02.829 [main] ExecuteScript - 
[INFO ] 2026-04-26 23:02:02.829 [main] ExecuteScript - 1 row created.
[INFO ] 2026-04-26 23:02:02.829 [main] ExecuteScript - 
[INFO ] 2026-04-26 23:02:02.830 [main] ExecuteScript - 
[INFO ] 2026-04-26 23:02:02.830 [main] ExecuteScript - 1 row created.
[INFO ] 2026-04-26 23:02:02.830 [main] ExecuteScript - 
[INFO ] 2026-04-26 23:02:02.830 [main] ExecuteScript - 
[INFO ] 2026-04-26 23:02:02.830 [main] ExecuteScript - 1 row created.
[INFO ] 2026-04-26 23:02:02.830 [main] ExecuteScript - 
[INFO ] 2026-04-26 23:02:02.831 [main] ExecuteScript - 
[INFO ] 2026-04-26 23:02:02.831 [main] ExecuteScript - 1 row created.
[INFO ] 2026-04-26 23:02:02.831 [main] ExecuteScript - 
[INFO ] 2026-04-26 23:02:02.832 [main] ExecuteScript - 
[INFO ] 2026-04-26 23:02:02.832 [main] ExecuteScript - 1 row created.
[INFO ] 2026-04-26 23:02:02.832 [main] ExecuteScript - 
[INFO ] 2026-04-26 23:02:02.832 [main] ExecuteScript - 
[INFO ] 2026-04-26 23:02:02.833 [main] ExecuteScript - 1 row created.
[INFO ] 2026-04-26 23:02:02.833 [main] ExecuteScript - 
[INFO ] 2026-04-26 23:02:02.833 [main] ExecuteScript - 
[INFO ] 2026-04-26 23:02:02.833 [main] ExecuteScript - 1 row created.
[INFO ] 2026-04-26 23:02:02.833 [main] ExecuteScript - 
[INFO ] 2026-04-26 23:02:02.834 [main] ExecuteScript - 
[INFO ] 2026-04-26 23:02:02.834 [main] ExecuteScript - 1 row created.
[INFO ] 2026-04-26 23:02:02.834 [main] ExecuteScript - 
[INFO ] 2026-04-26 23:02:02.834 [main] ExecuteScript - 
[INFO ] 2026-04-26 23:02:02.834 [main] ExecuteScript - 1 row created.
[INFO ] 2026-04-26 23:02:02.834 [main] ExecuteScript - 
[INFO ] 2026-04-26 23:02:02.835 [main] ExecuteScript - 
[INFO ] 2026-04-26 23:02:02.835 [main] ExecuteScript - 1 row created.
[INFO ] 2026-04-26 23:02:02.836 [main] ExecuteScript - 
[INFO ] 2026-04-26 23:02:02.836 [main] ExecuteScript - 
[INFO ] 2026-04-26 23:02:02.836 [main] ExecuteScript - 1 row created.
[INFO ] 2026-04-26 23:02:02.836 [main] ExecuteScript - 
[INFO ] 2026-04-26 23:02:02.837 [main] ExecuteScript - 
[INFO ] 2026-04-26 23:02:02.837 [main] ExecuteScript - 1 row created.
[INFO ] 2026-04-26 23:02:02.837 [main] ExecuteScript - 
[INFO ] 2026-04-26 23:02:02.839 [main] ExecuteScript - 
[INFO ] 2026-04-26 23:02:02.839 [main] ExecuteScript - 1 row created.
[INFO ] 2026-04-26 23:02:02.839 [main] ExecuteScript - 
[INFO ] 2026-04-26 23:02:02.840 [main] ExecuteScript - 
[INFO ] 2026-04-26 23:02:02.840 [main] ExecuteScript - 1 row created.
[INFO ] 2026-04-26 23:02:02.840 [main] ExecuteScript - 
[INFO ] 2026-04-26 23:02:02.842 [main] ExecuteScript - 
[INFO ] 2026-04-26 23:02:02.842 [main] ExecuteScript - 1 row created.
[INFO ] 2026-04-26 23:02:02.842 [main] ExecuteScript - 
[INFO ] 2026-04-26 23:02:02.843 [main] ExecuteScript - 
[INFO ] 2026-04-26 23:02:02.843 [main] ExecuteScript - 1 row created.
[INFO ] 2026-04-26 23:02:02.843 [main] ExecuteScript - 
[INFO ] 2026-04-26 23:02:02.843 [main] ExecuteScript - 
[INFO ] 2026-04-26 23:02:02.844 [main] ExecuteScript - 1 row created.
[INFO ] 2026-04-26 23:02:02.844 [main] ExecuteScript - 
[INFO ] 2026-04-26 23:02:02.844 [main] ExecuteScript - 
[INFO ] 2026-04-26 23:02:02.844 [main] ExecuteScript - 1 row created.
[INFO ] 2026-04-26 23:02:02.844 [main] ExecuteScript - 
[INFO ] 2026-04-26 23:02:02.845 [main] ExecuteScript - 
[INFO ] 2026-04-26 23:02:02.845 [main] ExecuteScript - 1 row created.
[INFO ] 2026-04-26 23:02:02.845 [main] ExecuteScript - 
[INFO ] 2026-04-26 23:02:02.846 [main] ExecuteScript - 
[INFO ] 2026-04-26 23:02:02.846 [main] ExecuteScript - 1 row created.
[INFO ] 2026-04-26 23:02:02.846 [main] ExecuteScript - 
[INFO ] 2026-04-26 23:02:02.847 [main] ExecuteScript - 
[INFO ] 2026-04-26 23:02:02.847 [main] ExecuteScript - 1 row created.
[INFO ] 2026-04-26 23:02:02.847 [main] ExecuteScript - 
[INFO ] 2026-04-26 23:02:02.848 [main] ExecuteScript - 
[INFO ] 2026-04-26 23:02:02.848 [main] ExecuteScript - 1 row created.
[INFO ] 2026-04-26 23:02:02.848 [main] ExecuteScript - 
[INFO ] 2026-04-26 23:02:02.849 [main] ExecuteScript - 
[INFO ] 2026-04-26 23:02:02.849 [main] ExecuteScript - 1 row created.
[INFO ] 2026-04-26 23:02:02.849 [main] ExecuteScript - 
[INFO ] 2026-04-26 23:02:02.849 [main] ExecuteScript - 
[INFO ] 2026-04-26 23:02:02.849 [main] ExecuteScript - 1 row created.
[INFO ] 2026-04-26 23:02:02.850 [main] ExecuteScript - 
[INFO ] 2026-04-26 23:02:02.850 [main] ExecuteScript - 
[INFO ] 2026-04-26 23:02:02.850 [main] ExecuteScript - 1 row created.
[INFO ] 2026-04-26 23:02:02.851 [main] ExecuteScript - 
[INFO ] 2026-04-26 23:02:02.852 [main] ExecuteScript - 
[INFO ] 2026-04-26 23:02:02.852 [main] ExecuteScript - 1 row created.
[INFO ] 2026-04-26 23:02:02.852 [main] ExecuteScript - 
[INFO ] 2026-04-26 23:02:02.855 [main] ExecuteScript - 
[INFO ] 2026-04-26 23:02:02.855 [main] ExecuteScript - Commit complete.
[INFO ] 2026-04-26 23:02:02.855 [main] ExecuteScript - 
[INFO ] 2026-04-26 23:02:02.856 [main] ExecuteScript - Disconnected from Oracle Database 11g Express Edition Release 11.2.0.2.0 - 64bit Production
[DEBUG] 2026-04-26 23:02:02.859 [main] TransactionImpl - On TransactionImpl creation, JpaCompliance#isJpaTransactionComplianceEnabled == false
[DEBUG] 2026-04-26 23:02:02.859 [main] TransactionImpl - begin
[DEBUG] 2026-04-26 23:02:02.860 [main] SqlStatementLogger - select cliente0_.cif as cif1_1_0_, cliente0_.IDBONOCLIENTE as idbonocliente6_1_0_, cliente0_.descripcion as descripcion2_1_0_, cliente0_.ciudad as ciudad3_1_0_, cliente0_.cp as cp4_1_0_, cliente0_.direccion as direccion5_1_0_, bonoclient1_.idbonocliente as idbonocliente1_0_1_, bonoclient1_.bono as bono2_0_1_, bonoclient1_.descuento as descuento3_0_1_ from HR.Cliente cliente0_ left outer join HR.BonoCliente bonoclient1_ on cliente0_.IDBONOCLIENTE=bonoclient1_.idbonocliente where cliente0_.cif=?
[DEBUG] 2026-04-26 23:02:02.863 [main] EntityReferenceInitializerImpl - On call to EntityIdentifierReaderImpl#resolve, EntityKey was already known; should only happen on root returns with an optional identifier specified
[DEBUG] 2026-04-26 23:02:02.865 [main] TwoPhaseLoad - Resolving attributes for [es.ubu.lsi.model.catering.Cliente#B10000000]
[DEBUG] 2026-04-26 23:02:02.876 [main] TwoPhaseLoad - Processing attribute `bonoCliente` : value = 1
[DEBUG] 2026-04-26 23:02:02.876 [main] TwoPhaseLoad - Attribute (`bonoCliente`)  - enhanced for lazy-loading? - false
[DEBUG] 2026-04-26 23:02:02.877 [main] TwoPhaseLoad - Processing attribute `compras` : value = NOT NULL COLLECTION
[DEBUG] 2026-04-26 23:02:02.877 [main] TwoPhaseLoad - Attribute (`compras`)  - enhanced for lazy-loading? - false
[DEBUG] 2026-04-26 23:02:02.877 [main] TwoPhaseLoad - Processing attribute `descripcion` : value = Insituto Derby
[DEBUG] 2026-04-26 23:02:02.877 [main] TwoPhaseLoad - Attribute (`descripcion`)  - enhanced for lazy-loading? - false
[DEBUG] 2026-04-26 23:02:02.877 [main] TwoPhaseLoad - Processing attribute `direccionPostal` : value = [Ljava.lang.Object;@69b3886f
[DEBUG] 2026-04-26 23:02:02.877 [main] TwoPhaseLoad - Attribute (`direccionPostal`)  - enhanced for lazy-loading? - false
[DEBUG] 2026-04-26 23:02:02.877 [main] TwoPhaseLoad - Done materializing entity [es.ubu.lsi.model.catering.Cliente#B10000000]
[DEBUG] 2026-04-26 23:02:02.877 [main] TwoPhaseLoad - Resolving attributes for [es.ubu.lsi.model.catering.BonoCliente#1]
[DEBUG] 2026-04-26 23:02:02.877 [main] TwoPhaseLoad - Processing attribute `bono` : value = SIN DESCUENTO
[DEBUG] 2026-04-26 23:02:02.877 [main] TwoPhaseLoad - Attribute (`bono`)  - enhanced for lazy-loading? - false
[DEBUG] 2026-04-26 23:02:02.877 [main] TwoPhaseLoad - Processing attribute `clientes` : value = NOT NULL COLLECTION
[DEBUG] 2026-04-26 23:02:02.877 [main] TwoPhaseLoad - Attribute (`clientes`)  - enhanced for lazy-loading? - false
[DEBUG] 2026-04-26 23:02:02.878 [main] TwoPhaseLoad - Processing attribute `descuento` : value = 0.0
[DEBUG] 2026-04-26 23:02:02.878 [main] TwoPhaseLoad - Attribute (`descuento`)  - enhanced for lazy-loading? - false
[DEBUG] 2026-04-26 23:02:02.878 [main] TwoPhaseLoad - Done materializing entity [es.ubu.lsi.model.catering.BonoCliente#1]
[DEBUG] 2026-04-26 23:02:02.878 [main] AbstractLoadPlanBasedEntityLoader - Done entity load : es.ubu.lsi.model.catering.Cliente#B10000000
[DEBUG] 2026-04-26 23:02:02.880 [main] AbstractLoadPlanBasedCollectionInitializer - Loading collection: [es.ubu.lsi.model.catering.Cliente.compras#B10000000]
[DEBUG] 2026-04-26 23:02:02.880 [main] SqlStatementLogger - select compras0_.CIF as cif1_2_0_, compras0_.fecha as fecha2_2_0_, compras0_.cif as cif1_2_1_, compras0_.fecha as fecha2_2_1_, compras0_.importe as importe3_2_1_, compras0_.IDMENU as idmenu5_2_1_, compras0_.personas as personas4_2_1_, menu1_.idmenu as idmenu1_3_2_, menu1_.descripcion as descripcion2_3_2_, menu1_.precio as precio3_3_2_ from HR.Compra compras0_ left outer join HR.Menu menu1_ on compras0_.IDMENU=menu1_.idmenu where compras0_.CIF=?
[DEBUG] 2026-04-26 23:02:02.924 [main] ResultSetProcessorImpl - Preparing collection initializer : [es.ubu.lsi.model.catering.Cliente.compras#B10000000]
[DEBUG] 2026-04-26 23:02:02.929 [main] CollectionReferenceInitializerImpl - Found row of collection: [es.ubu.lsi.model.catering.Cliente.compras#B10000000]
[DEBUG] 2026-04-26 23:02:02.931 [main] CollectionReferenceInitializerImpl - Found row of collection: [es.ubu.lsi.model.catering.Cliente.compras#B10000000]
[DEBUG] 2026-04-26 23:02:02.932 [main] CollectionReferenceInitializerImpl - Found row of collection: [es.ubu.lsi.model.catering.Cliente.compras#B10000000]
[DEBUG] 2026-04-26 23:02:02.934 [main] CollectionReferenceInitializerImpl - Found row of collection: [es.ubu.lsi.model.catering.Cliente.compras#B10000000]
[DEBUG] 2026-04-26 23:02:02.936 [main] CollectionReferenceInitializerImpl - Found row of collection: [es.ubu.lsi.model.catering.Cliente.compras#B10000000]
[DEBUG] 2026-04-26 23:02:02.938 [main] TwoPhaseLoad - Resolving attributes for [es.ubu.lsi.model.catering.Compra#component[cif,fecha]{cif=B10000000, fecha=2019-04-14 11:00:00.0}]
[DEBUG] 2026-04-26 23:02:02.938 [main] TwoPhaseLoad - Processing attribute `cliente` : value = B10000000
[DEBUG] 2026-04-26 23:02:02.938 [main] TwoPhaseLoad - Attribute (`cliente`)  - enhanced for lazy-loading? - false
[DEBUG] 2026-04-26 23:02:02.938 [main] TwoPhaseLoad - Processing attribute `importe` : value = 187.5
[DEBUG] 2026-04-26 23:02:02.938 [main] TwoPhaseLoad - Attribute (`importe`)  - enhanced for lazy-loading? - false
[DEBUG] 2026-04-26 23:02:02.938 [main] TwoPhaseLoad - Processing attribute `menu` : value = 1
[DEBUG] 2026-04-26 23:02:02.938 [main] TwoPhaseLoad - Attribute (`menu`)  - enhanced for lazy-loading? - false
[DEBUG] 2026-04-26 23:02:02.938 [main] TwoPhaseLoad - Processing attribute `personas` : value = 15
[DEBUG] 2026-04-26 23:02:02.939 [main] TwoPhaseLoad - Attribute (`personas`)  - enhanced for lazy-loading? - false
[DEBUG] 2026-04-26 23:02:02.939 [main] TwoPhaseLoad - Done materializing entity [es.ubu.lsi.model.catering.Compra#component[cif,fecha]{cif=B10000000, fecha=2019-04-14 11:00:00.0}]
[DEBUG] 2026-04-26 23:02:02.939 [main] TwoPhaseLoad - Resolving attributes for [es.ubu.lsi.model.catering.Menu#1]
[DEBUG] 2026-04-26 23:02:02.939 [main] TwoPhaseLoad - Processing attribute `compras` : value = NOT NULL COLLECTION
[DEBUG] 2026-04-26 23:02:02.939 [main] TwoPhaseLoad - Attribute (`compras`)  - enhanced for lazy-loading? - false
[DEBUG] 2026-04-26 23:02:02.939 [main] TwoPhaseLoad - Processing attribute `descripcion` : value = MENU ESTANDAR
[DEBUG] 2026-04-26 23:02:02.939 [main] TwoPhaseLoad - Attribute (`descripcion`)  - enhanced for lazy-loading? - false
[DEBUG] 2026-04-26 23:02:02.939 [main] TwoPhaseLoad - Processing attribute `precio` : value = 12.5
[DEBUG] 2026-04-26 23:02:02.939 [main] TwoPhaseLoad - Attribute (`precio`)  - enhanced for lazy-loading? - false
[DEBUG] 2026-04-26 23:02:02.939 [main] TwoPhaseLoad - Done materializing entity [es.ubu.lsi.model.catering.Menu#1]
[DEBUG] 2026-04-26 23:02:02.940 [main] TwoPhaseLoad - Resolving attributes for [es.ubu.lsi.model.catering.Compra#component[cif,fecha]{cif=B10000000, fecha=2019-04-13 11:00:00.0}]
[DEBUG] 2026-04-26 23:02:02.940 [main] TwoPhaseLoad - Processing attribute `cliente` : value = B10000000
[DEBUG] 2026-04-26 23:02:02.940 [main] TwoPhaseLoad - Attribute (`cliente`)  - enhanced for lazy-loading? - false
[DEBUG] 2026-04-26 23:02:02.940 [main] TwoPhaseLoad - Processing attribute `importe` : value = 375.0
[DEBUG] 2026-04-26 23:02:02.940 [main] TwoPhaseLoad - Attribute (`importe`)  - enhanced for lazy-loading? - false
[DEBUG] 2026-04-26 23:02:02.940 [main] TwoPhaseLoad - Processing attribute `menu` : value = 1
[DEBUG] 2026-04-26 23:02:02.940 [main] TwoPhaseLoad - Attribute (`menu`)  - enhanced for lazy-loading? - false
[DEBUG] 2026-04-26 23:02:02.940 [main] TwoPhaseLoad - Processing attribute `personas` : value = 30
[DEBUG] 2026-04-26 23:02:02.940 [main] TwoPhaseLoad - Attribute (`personas`)  - enhanced for lazy-loading? - false
[DEBUG] 2026-04-26 23:02:02.941 [main] TwoPhaseLoad - Done materializing entity [es.ubu.lsi.model.catering.Compra#component[cif,fecha]{cif=B10000000, fecha=2019-04-13 11:00:00.0}]
[DEBUG] 2026-04-26 23:02:02.941 [main] TwoPhaseLoad - Resolving attributes for [es.ubu.lsi.model.catering.Compra#component[cif,fecha]{cif=B10000000, fecha=2019-04-12 10:00:00.0}]
[DEBUG] 2026-04-26 23:02:02.941 [main] TwoPhaseLoad - Processing attribute `cliente` : value = B10000000
[DEBUG] 2026-04-26 23:02:02.941 [main] TwoPhaseLoad - Attribute (`cliente`)  - enhanced for lazy-loading? - false
[DEBUG] 2026-04-26 23:02:02.941 [main] TwoPhaseLoad - Processing attribute `importe` : value = 250.0
[DEBUG] 2026-04-26 23:02:02.941 [main] TwoPhaseLoad - Attribute (`importe`)  - enhanced for lazy-loading? - false
[DEBUG] 2026-04-26 23:02:02.941 [main] TwoPhaseLoad - Processing attribute `menu` : value = 1
[DEBUG] 2026-04-26 23:02:02.941 [main] TwoPhaseLoad - Attribute (`menu`)  - enhanced for lazy-loading? - false
[DEBUG] 2026-04-26 23:02:02.941 [main] TwoPhaseLoad - Processing attribute `personas` : value = 20
[DEBUG] 2026-04-26 23:02:02.941 [main] TwoPhaseLoad - Attribute (`personas`)  - enhanced for lazy-loading? - false
[DEBUG] 2026-04-26 23:02:02.942 [main] TwoPhaseLoad - Done materializing entity [es.ubu.lsi.model.catering.Compra#component[cif,fecha]{cif=B10000000, fecha=2019-04-12 10:00:00.0}]
[DEBUG] 2026-04-26 23:02:02.942 [main] TwoPhaseLoad - Resolving attributes for [es.ubu.lsi.model.catering.Compra#component[cif,fecha]{cif=B10000000, fecha=2019-04-18 11:00:00.0}]
[DEBUG] 2026-04-26 23:02:02.942 [main] TwoPhaseLoad - Processing attribute `cliente` : value = B10000000
[DEBUG] 2026-04-26 23:02:02.942 [main] TwoPhaseLoad - Attribute (`cliente`)  - enhanced for lazy-loading? - false
[DEBUG] 2026-04-26 23:02:02.942 [main] TwoPhaseLoad - Processing attribute `importe` : value = 315.0
[DEBUG] 2026-04-26 23:02:02.942 [main] TwoPhaseLoad - Attribute (`importe`)  - enhanced for lazy-loading? - false
[DEBUG] 2026-04-26 23:02:02.942 [main] TwoPhaseLoad - Processing attribute `menu` : value = 2
[DEBUG] 2026-04-26 23:02:02.942 [main] TwoPhaseLoad - Attribute (`menu`)  - enhanced for lazy-loading? - false
[DEBUG] 2026-04-26 23:02:02.943 [main] TwoPhaseLoad - Processing attribute `personas` : value = 20
[DEBUG] 2026-04-26 23:02:02.943 [main] TwoPhaseLoad - Attribute (`personas`)  - enhanced for lazy-loading? - false
[DEBUG] 2026-04-26 23:02:02.943 [main] TwoPhaseLoad - Done materializing entity [es.ubu.lsi.model.catering.Compra#component[cif,fecha]{cif=B10000000, fecha=2019-04-18 11:00:00.0}]
[DEBUG] 2026-04-26 23:02:02.943 [main] TwoPhaseLoad - Resolving attributes for [es.ubu.lsi.model.catering.Menu#2]
[DEBUG] 2026-04-26 23:02:02.943 [main] TwoPhaseLoad - Processing attribute `compras` : value = NOT NULL COLLECTION
[DEBUG] 2026-04-26 23:02:02.943 [main] TwoPhaseLoad - Attribute (`compras`)  - enhanced for lazy-loading? - false
[DEBUG] 2026-04-26 23:02:02.943 [main] TwoPhaseLoad - Processing attribute `descripcion` : value = MENU VEGETARIANO
[DEBUG] 2026-04-26 23:02:02.943 [main] TwoPhaseLoad - Attribute (`descripcion`)  - enhanced for lazy-loading? - false
[DEBUG] 2026-04-26 23:02:02.943 [main] TwoPhaseLoad - Processing attribute `precio` : value = 15.75
[DEBUG] 2026-04-26 23:02:02.943 [main] TwoPhaseLoad - Attribute (`precio`)  - enhanced for lazy-loading? - false
[DEBUG] 2026-04-26 23:02:02.943 [main] TwoPhaseLoad - Done materializing entity [es.ubu.lsi.model.catering.Menu#2]
[DEBUG] 2026-04-26 23:02:02.944 [main] TwoPhaseLoad - Resolving attributes for [es.ubu.lsi.model.catering.Compra#component[cif,fecha]{cif=B10000000, fecha=2020-04-22 13:00:00.0}]
[DEBUG] 2026-04-26 23:02:02.944 [main] TwoPhaseLoad - Processing attribute `cliente` : value = B10000000
[DEBUG] 2026-04-26 23:02:02.944 [main] TwoPhaseLoad - Attribute (`cliente`)  - enhanced for lazy-loading? - false
[DEBUG] 2026-04-26 23:02:02.944 [main] TwoPhaseLoad - Processing attribute `importe` : value = 360.0
[DEBUG] 2026-04-26 23:02:02.944 [main] TwoPhaseLoad - Attribute (`importe`)  - enhanced for lazy-loading? - false
[DEBUG] 2026-04-26 23:02:02.944 [main] TwoPhaseLoad - Processing attribute `menu` : value = 3
[DEBUG] 2026-04-26 23:02:02.944 [main] TwoPhaseLoad - Attribute (`menu`)  - enhanced for lazy-loading? - false
[DEBUG] 2026-04-26 23:02:02.944 [main] TwoPhaseLoad - Processing attribute `personas` : value = 20
[DEBUG] 2026-04-26 23:02:02.944 [main] TwoPhaseLoad - Attribute (`personas`)  - enhanced for lazy-loading? - false
[DEBUG] 2026-04-26 23:02:02.944 [main] TwoPhaseLoad - Done materializing entity [es.ubu.lsi.model.catering.Compra#component[cif,fecha]{cif=B10000000, fecha=2020-04-22 13:00:00.0}]
[DEBUG] 2026-04-26 23:02:02.945 [main] TwoPhaseLoad - Resolving attributes for [es.ubu.lsi.model.catering.Menu#3]
[DEBUG] 2026-04-26 23:02:02.945 [main] TwoPhaseLoad - Processing attribute `compras` : value = NOT NULL COLLECTION
[DEBUG] 2026-04-26 23:02:02.945 [main] TwoPhaseLoad - Attribute (`compras`)  - enhanced for lazy-loading? - false
[DEBUG] 2026-04-26 23:02:02.945 [main] TwoPhaseLoad - Processing attribute `descripcion` : value = MENU VEGANO
[DEBUG] 2026-04-26 23:02:02.945 [main] TwoPhaseLoad - Attribute (`descripcion`)  - enhanced for lazy-loading? - false
[DEBUG] 2026-04-26 23:02:02.945 [main] TwoPhaseLoad - Processing attribute `precio` : value = 18.0
[DEBUG] 2026-04-26 23:02:02.945 [main] TwoPhaseLoad - Attribute (`precio`)  - enhanced for lazy-loading? - false
[DEBUG] 2026-04-26 23:02:02.945 [main] TwoPhaseLoad - Done materializing entity [es.ubu.lsi.model.catering.Menu#3]
[DEBUG] 2026-04-26 23:02:02.946 [main] DelegatingBasicLogger - 1 collections were found in result set for role: es.ubu.lsi.model.catering.Cliente.compras
[DEBUG] 2026-04-26 23:02:02.946 [main] CollectionLoadContext - Collection fully initialized: [es.ubu.lsi.model.catering.Cliente.compras#B10000000]
[DEBUG] 2026-04-26 23:02:02.946 [main] DelegatingBasicLogger - 1 collections initialized for role: es.ubu.lsi.model.catering.Cliente.compras
[DEBUG] 2026-04-26 23:02:02.946 [main] AbstractLoadPlanBasedCollectionInitializer - Done loading collection
[DEBUG] 2026-04-26 23:02:02.947 [main] TransactionImpl - committing
[DEBUG] 2026-04-26 23:02:02.947 [main] AbstractFlushingEventListener - Processing flush-time cascades
[DEBUG] 2026-04-26 23:02:02.948 [main] AbstractFlushingEventListener - Dirty checking collections
[DEBUG] 2026-04-26 23:02:02.949 [main] Collections - Collection found: [es.ubu.lsi.model.catering.Cliente.compras#B10000000], was: [es.ubu.lsi.model.catering.Cliente.compras#B10000000] (initialized)
[DEBUG] 2026-04-26 23:02:02.949 [main] Collections - Collection found: [es.ubu.lsi.model.catering.BonoCliente.clientes#1], was: [es.ubu.lsi.model.catering.BonoCliente.clientes#1] (uninitialized)
[DEBUG] 2026-04-26 23:02:02.949 [main] Collections - Collection found: [es.ubu.lsi.model.catering.Menu.compras#1], was: [es.ubu.lsi.model.catering.Menu.compras#1] (uninitialized)
[DEBUG] 2026-04-26 23:02:02.950 [main] Collections - Collection found: [es.ubu.lsi.model.catering.Menu.compras#2], was: [es.ubu.lsi.model.catering.Menu.compras#2] (uninitialized)
[DEBUG] 2026-04-26 23:02:02.950 [main] Collections - Collection found: [es.ubu.lsi.model.catering.Menu.compras#3], was: [es.ubu.lsi.model.catering.Menu.compras#3] (uninitialized)
[DEBUG] 2026-04-26 23:02:02.950 [main] AbstractFlushingEventListener - Flushed: 0 insertions, 1 updates, 0 deletions to 10 objects
[DEBUG] 2026-04-26 23:02:02.950 [main] AbstractFlushingEventListener - Flushed: 0 (re)creations, 0 updates, 0 removals to 5 collections
[DEBUG] 2026-04-26 23:02:02.950 [main] EntityPrinter - Listing entities:
[DEBUG] 2026-04-26 23:02:02.951 [main] EntityPrinter - es.ubu.lsi.model.catering.Cliente{descripcion=Insituto Derby, direccionPostal=component[ciudad,cp,direccion]{ciudad=Burgos, direccion=C/Zaragoza 57, cp=09003}, cif=B10000000, compras=[es.ubu.lsi.model.catering.Compra#component[cif,fecha]{cif=B10000000, fecha=2019-04-13 11:00:00.0}, es.ubu.lsi.model.catering.Compra#component[cif,fecha]{cif=B10000000, fecha=2020-04-22 13:00:00.0}, es.ubu.lsi.model.catering.Compra#component[cif,fecha]{cif=B10000000, fecha=2019-04-12 10:00:00.0}, es.ubu.lsi.model.catering.Compra#component[cif,fecha]{cif=B10000000, fecha=2019-04-14 11:00:00.0}, es.ubu.lsi.model.catering.Compra#component[cif,fecha]{cif=B10000000, fecha=2019-04-18 11:00:00.0}], bonoCliente=null}
[DEBUG] 2026-04-26 23:02:02.951 [main] EntityPrinter - es.ubu.lsi.model.catering.Menu{descripcion=MENU ESTANDAR, compras=<uninitialized>, precio=12.5, idmenu=1}
[DEBUG] 2026-04-26 23:02:02.951 [main] EntityPrinter - es.ubu.lsi.model.catering.Menu{descripcion=MENU VEGANO, compras=<uninitialized>, precio=18.0, idmenu=3}
[DEBUG] 2026-04-26 23:02:02.951 [main] EntityPrinter - es.ubu.lsi.model.catering.Compra{cliente=es.ubu.lsi.model.catering.Cliente#B10000000, id=component[cif,fecha]{cif=B10000000, fecha=2019-04-18 11:00:00.0}, menu=es.ubu.lsi.model.catering.Menu#2, importe=315.0, personas=20}
[DEBUG] 2026-04-26 23:02:02.951 [main] EntityPrinter - es.ubu.lsi.model.catering.Menu{descripcion=MENU VEGETARIANO, compras=<uninitialized>, precio=15.75, idmenu=2}
[DEBUG] 2026-04-26 23:02:02.951 [main] EntityPrinter - es.ubu.lsi.model.catering.Compra{cliente=es.ubu.lsi.model.catering.Cliente#B10000000, id=component[cif,fecha]{cif=B10000000, fecha=2019-04-14 11:00:00.0}, menu=es.ubu.lsi.model.catering.Menu#1, importe=187.5, personas=15}
[DEBUG] 2026-04-26 23:02:02.951 [main] EntityPrinter - es.ubu.lsi.model.catering.Compra{cliente=es.ubu.lsi.model.catering.Cliente#B10000000, id=component[cif,fecha]{cif=B10000000, fecha=2019-04-13 11:00:00.0}, menu=es.ubu.lsi.model.catering.Menu#1, importe=375.0, personas=30}
[DEBUG] 2026-04-26 23:02:02.951 [main] EntityPrinter - es.ubu.lsi.model.catering.BonoCliente{bono=SIN DESCUENTO, descuento=0.0, clientes=<uninitialized>, idbonocliente=1}
[DEBUG] 2026-04-26 23:02:02.951 [main] EntityPrinter - es.ubu.lsi.model.catering.Compra{cliente=es.ubu.lsi.model.catering.Cliente#B10000000, id=component[cif,fecha]{cif=B10000000, fecha=2019-04-12 10:00:00.0}, menu=es.ubu.lsi.model.catering.Menu#1, importe=250.0, personas=20}
[DEBUG] 2026-04-26 23:02:02.952 [main] EntityPrinter - es.ubu.lsi.model.catering.Compra{cliente=es.ubu.lsi.model.catering.Cliente#B10000000, id=component[cif,fecha]{cif=B10000000, fecha=2020-04-22 13:00:00.0}, menu=es.ubu.lsi.model.catering.Menu#3, importe=360.0, personas=20}
[DEBUG] 2026-04-26 23:02:02.952 [main] SqlStatementLogger - update HR.Cliente set IDBONOCLIENTE=?, descripcion=?, ciudad=?, cp=?, direccion=? where cif=?
[DEBUG] 2026-04-26 23:02:02.961 [main] SqlExceptionHelper - could not execute statement [n/a]
java.sql.SQLException: ORA-01407: cannot update ("HR"."CLIENTE"."IDBONOCLIENTE") to NULL

	at oracle.jdbc.driver.T4CTTIoer.processError(T4CTTIoer.java:447) ~[ojdbc6.jar:11.2.0.4.0]
	at oracle.jdbc.driver.T4CTTIoer.processError(T4CTTIoer.java:396) ~[ojdbc6.jar:11.2.0.4.0]
	at oracle.jdbc.driver.T4C8Oall.processError(T4C8Oall.java:951) ~[ojdbc6.jar:11.2.0.4.0]
	at oracle.jdbc.driver.T4CTTIfun.receive(T4CTTIfun.java:513) ~[ojdbc6.jar:11.2.0.4.0]
	at oracle.jdbc.driver.T4CTTIfun.doRPC(T4CTTIfun.java:227) ~[ojdbc6.jar:11.2.0.4.0]
	at oracle.jdbc.driver.T4C8Oall.doOALL(T4C8Oall.java:531) ~[ojdbc6.jar:11.2.0.4.0]
	at oracle.jdbc.driver.T4CPreparedStatement.doOall8(T4CPreparedStatement.java:208) ~[ojdbc6.jar:11.2.0.4.0]
	at oracle.jdbc.driver.T4CPreparedStatement.executeForRows(T4CPreparedStatement.java:1046) ~[ojdbc6.jar:11.2.0.4.0]
	at oracle.jdbc.driver.OracleStatement.doExecuteWithTimeout(OracleStatement.java:1336) ~[ojdbc6.jar:11.2.0.4.0]
	at oracle.jdbc.driver.OraclePreparedStatement.executeInternal(OraclePreparedStatement.java:3613) ~[ojdbc6.jar:11.2.0.4.0]
	at oracle.jdbc.driver.OraclePreparedStatement.executeUpdate(OraclePreparedStatement.java:3694) ~[ojdbc6.jar:11.2.0.4.0]
	at oracle.jdbc.driver.OraclePreparedStatementWrapper.executeUpdate(OraclePreparedStatementWrapper.java:1354) ~[ojdbc6.jar:11.2.0.4.0]
	at org.hibernate.engine.jdbc.internal.ResultSetReturnImpl.executeUpdate(ResultSetReturnImpl.java:197) ~[hibernate-core-5.4.13.Final.jar:5.4.13.Final]
	at org.hibernate.persister.entity.AbstractEntityPersister.update(AbstractEntityPersister.java:3430) ~[hibernate-core-5.4.13.Final.jar:5.4.13.Final]
	at org.hibernate.persister.entity.AbstractEntityPersister.updateOrInsert(AbstractEntityPersister.java:3292) ~[hibernate-core-5.4.13.Final.jar:5.4.13.Final]
	at org.hibernate.persister.entity.AbstractEntityPersister.update(AbstractEntityPersister.java:3704) ~[hibernate-core-5.4.13.Final.jar:5.4.13.Final]
	at org.hibernate.action.internal.EntityUpdateAction.execute(EntityUpdateAction.java:201) ~[hibernate-core-5.4.13.Final.jar:5.4.13.Final]
	at org.hibernate.engine.spi.ActionQueue.executeActions(ActionQueue.java:604) ~[hibernate-core-5.4.13.Final.jar:5.4.13.Final]
	at org.hibernate.engine.spi.ActionQueue.lambda$executeActions$1(ActionQueue.java:478) ~[hibernate-core-5.4.13.Final.jar:5.4.13.Final]
	at java.util.LinkedHashMap.forEach(LinkedHashMap.java:684) ~[?:?]
	at org.hibernate.engine.spi.ActionQueue.executeActions(ActionQueue.java:475) ~[hibernate-core-5.4.13.Final.jar:5.4.13.Final]
	at org.hibernate.event.internal.AbstractFlushingEventListener.performExecutions(AbstractFlushingEventListener.java:348) ~[hibernate-core-5.4.13.Final.jar:5.4.13.Final]
	at org.hibernate.event.internal.DefaultFlushEventListener.onFlush(DefaultFlushEventListener.java:40) ~[hibernate-core-5.4.13.Final.jar:5.4.13.Final]
	at org.hibernate.event.service.internal.EventListenerGroupImpl.fireEventOnEachListener(EventListenerGroupImpl.java:102) [hibernate-core-5.4.13.Final.jar:5.4.13.Final]
	at org.hibernate.internal.SessionImpl.doFlush(SessionImpl.java:1352) [hibernate-core-5.4.13.Final.jar:5.4.13.Final]
	at org.hibernate.internal.SessionImpl.managedFlush(SessionImpl.java:443) [hibernate-core-5.4.13.Final.jar:5.4.13.Final]
	at org.hibernate.internal.SessionImpl.flushBeforeTransactionCompletion(SessionImpl.java:3202) [hibernate-core-5.4.13.Final.jar:5.4.13.Final]
	at org.hibernate.internal.SessionImpl.beforeTransactionCompletion(SessionImpl.java:2370) [hibernate-core-5.4.13.Final.jar:5.4.13.Final]
	at org.hibernate.engine.jdbc.internal.JdbcCoordinatorImpl.beforeTransactionCompletion(JdbcCoordinatorImpl.java:447) [hibernate-core-5.4.13.Final.jar:5.4.13.Final]
	at org.hibernate.resource.transaction.backend.jdbc.internal.JdbcResourceLocalTransactionCoordinatorImpl.beforeCompletionCallback(JdbcResourceLocalTransactionCoordinatorImpl.java:183) [hibernate-core-5.4.13.Final.jar:5.4.13.Final]
	at org.hibernate.resource.transaction.backend.jdbc.internal.JdbcResourceLocalTransactionCoordinatorImpl.access$300(JdbcResourceLocalTransactionCoordinatorImpl.java:40) [hibernate-core-5.4.13.Final.jar:5.4.13.Final]
	at org.hibernate.resource.transaction.backend.jdbc.internal.JdbcResourceLocalTransactionCoordinatorImpl$TransactionDriverControlImpl.commit(JdbcResourceLocalTransactionCoordinatorImpl.java:281) [hibernate-core-5.4.13.Final.jar:5.4.13.Final]
	at org.hibernate.engine.transaction.internal.TransactionImpl.commit(TransactionImpl.java:101) [hibernate-core-5.4.13.Final.jar:5.4.13.Final]
	at es.ubu.lsi.service.PersistenceService.commitTransaction(PersistenceService.java:44) [classes/:?]
	at es.ubu.lsi.service.catering.ServiceImpl.quitarDescuento(ServiceImpl.java:171) [classes/:?]
	at es.ubu.lsi.test.TestClient.quitarDescuentoCorrecto(TestClient.java:331) [classes/:?]
	at es.ubu.lsi.test.TestClient.testService(TestClient.java:113) [classes/:?]
	at es.ubu.lsi.test.TestClient.main(TestClient.java:55) [classes/:?]
[WARN ] 2026-04-26 23:02:02.975 [main] SqlExceptionHelper - SQL Error: 1407, SQLState: 72000
[ERROR] 2026-04-26 23:02:02.975 [main] SqlExceptionHelper - ORA-01407: cannot update ("HR"."CLIENTE"."IDBONOCLIENTE") to NULL

[DEBUG] 2026-04-26 23:02:02.979 [main] JdbcResourceLocalTransactionCoordinatorImpl$TransactionDriverControlImpl - JDBC transaction marked for rollback-only (exception provided for stack trace)
java.lang.Exception: exception just for purpose of providing stack trace
	at org.hibernate.resource.transaction.backend.jdbc.internal.JdbcResourceLocalTransactionCoordinatorImpl$TransactionDriverControlImpl.markRollbackOnly(JdbcResourceLocalTransactionCoordinatorImpl.java:324) [hibernate-core-5.4.13.Final.jar:5.4.13.Final]
	at org.hibernate.engine.transaction.internal.TransactionImpl.markRollbackOnly(TransactionImpl.java:203) [hibernate-core-5.4.13.Final.jar:5.4.13.Final]
	at org.hibernate.internal.AbstractSharedSessionContract.markForRollbackOnly(AbstractSharedSessionContract.java:396) [hibernate-core-5.4.13.Final.jar:5.4.13.Final]
	at org.hibernate.internal.ExceptionConverterImpl.handlePersistenceException(ExceptionConverterImpl.java:297) [hibernate-core-5.4.13.Final.jar:5.4.13.Final]
	at org.hibernate.internal.ExceptionConverterImpl.convert(ExceptionConverterImpl.java:155) [hibernate-core-5.4.13.Final.jar:5.4.13.Final]
	at org.hibernate.internal.ExceptionConverterImpl.convert(ExceptionConverterImpl.java:181) [hibernate-core-5.4.13.Final.jar:5.4.13.Final]
	at org.hibernate.internal.ExceptionConverterImpl.convert(ExceptionConverterImpl.java:188) [hibernate-core-5.4.13.Final.jar:5.4.13.Final]
	at org.hibernate.internal.SessionImpl.doFlush(SessionImpl.java:1356) [hibernate-core-5.4.13.Final.jar:5.4.13.Final]
	at org.hibernate.internal.SessionImpl.managedFlush(SessionImpl.java:443) [hibernate-core-5.4.13.Final.jar:5.4.13.Final]
	at org.hibernate.internal.SessionImpl.flushBeforeTransactionCompletion(SessionImpl.java:3202) [hibernate-core-5.4.13.Final.jar:5.4.13.Final]
	at org.hibernate.internal.SessionImpl.beforeTransactionCompletion(SessionImpl.java:2370) [hibernate-core-5.4.13.Final.jar:5.4.13.Final]
	at org.hibernate.engine.jdbc.internal.JdbcCoordinatorImpl.beforeTransactionCompletion(JdbcCoordinatorImpl.java:447) [hibernate-core-5.4.13.Final.jar:5.4.13.Final]
	at org.hibernate.resource.transaction.backend.jdbc.internal.JdbcResourceLocalTransactionCoordinatorImpl.beforeCompletionCallback(JdbcResourceLocalTransactionCoordinatorImpl.java:183) [hibernate-core-5.4.13.Final.jar:5.4.13.Final]
	at org.hibernate.resource.transaction.backend.jdbc.internal.JdbcResourceLocalTransactionCoordinatorImpl.access$300(JdbcResourceLocalTransactionCoordinatorImpl.java:40) [hibernate-core-5.4.13.Final.jar:5.4.13.Final]
	at org.hibernate.resource.transaction.backend.jdbc.internal.JdbcResourceLocalTransactionCoordinatorImpl$TransactionDriverControlImpl.commit(JdbcResourceLocalTransactionCoordinatorImpl.java:281) [hibernate-core-5.4.13.Final.jar:5.4.13.Final]
	at org.hibernate.engine.transaction.internal.TransactionImpl.commit(TransactionImpl.java:101) [hibernate-core-5.4.13.Final.jar:5.4.13.Final]
	at es.ubu.lsi.service.PersistenceService.commitTransaction(PersistenceService.java:44) [classes/:?]
	at es.ubu.lsi.service.catering.ServiceImpl.quitarDescuento(ServiceImpl.java:171) [classes/:?]
	at es.ubu.lsi.test.TestClient.quitarDescuentoCorrecto(TestClient.java:331) [classes/:?]
	at es.ubu.lsi.test.TestClient.testService(TestClient.java:113) [classes/:?]
	at es.ubu.lsi.test.TestClient.main(TestClient.java:55) [classes/:?]
[DEBUG] 2026-04-26 23:02:02.980 [main] JdbcResourceLocalTransactionCoordinatorImpl$TransactionDriverControlImpl - JDBC transaction marked for rollback-only (exception provided for stack trace)
java.lang.Exception: exception just for purpose of providing stack trace
	at org.hibernate.resource.transaction.backend.jdbc.internal.JdbcResourceLocalTransactionCoordinatorImpl$TransactionDriverControlImpl.markRollbackOnly(JdbcResourceLocalTransactionCoordinatorImpl.java:324) [hibernate-core-5.4.13.Final.jar:5.4.13.Final]
	at org.hibernate.resource.transaction.backend.jdbc.internal.JdbcResourceLocalTransactionCoordinatorImpl.beforeCompletionCallback(JdbcResourceLocalTransactionCoordinatorImpl.java:192) [hibernate-core-5.4.13.Final.jar:5.4.13.Final]
	at org.hibernate.resource.transaction.backend.jdbc.internal.JdbcResourceLocalTransactionCoordinatorImpl.access$300(JdbcResourceLocalTransactionCoordinatorImpl.java:40) [hibernate-core-5.4.13.Final.jar:5.4.13.Final]
	at org.hibernate.resource.transaction.backend.jdbc.internal.JdbcResourceLocalTransactionCoordinatorImpl$TransactionDriverControlImpl.commit(JdbcResourceLocalTransactionCoordinatorImpl.java:281) [hibernate-core-5.4.13.Final.jar:5.4.13.Final]
	at org.hibernate.engine.transaction.internal.TransactionImpl.commit(TransactionImpl.java:101) [hibernate-core-5.4.13.Final.jar:5.4.13.Final]
	at es.ubu.lsi.service.PersistenceService.commitTransaction(PersistenceService.java:44) [classes/:?]
	at es.ubu.lsi.service.catering.ServiceImpl.quitarDescuento(ServiceImpl.java:171) [classes/:?]
	at es.ubu.lsi.test.TestClient.quitarDescuentoCorrecto(TestClient.java:331) [classes/:?]
	at es.ubu.lsi.test.TestClient.testService(TestClient.java:113) [classes/:?]
	at es.ubu.lsi.test.TestClient.main(TestClient.java:55) [classes/:?]
[DEBUG] 2026-04-26 23:02:02.981 [main] LogicalConnectionManagedImpl - Initiating JDBC connection release from afterTransaction
[DEBUG] 2026-04-26 23:02:02.981 [main] LogicalConnectionManagedImpl - Initiating JDBC connection release from afterTransaction
[DEBUG] 2026-04-26 23:02:02.982 [main] TransactionImpl - rollback() called on an inactive transaction
[DEBUG] 2026-04-26 23:02:02.982 [main] TransactionImpl - rollback() called on an inactive transaction
[ERROR] 2026-04-26 23:02:02.983 [main] TestClient - ERROR grave en test. Error while committing the transaction
[ERROR] 2026-04-26 23:02:02.983 [main] TestClient - null
